Doing forward pass only...
Baseline model forward pass:
Total time taken: 0.2851228713989258 seconds.
tensor([[-0.0616, -0.0840, -0.1029, -0.0210,  0.0472,  0.0479, -0.1008, -0.0073,
         -0.1067,  0.0671, -0.0100,  0.1227, -0.0224,  0.0453,  0.0111, -0.0122,
          0.0731,  0.0641, -0.0146, -0.0256,  0.0527,  0.0766, -0.0425, -0.0027,
          0.0580, -0.0171,  0.1151, -0.1168, -0.0870, -0.0152,  0.0219,  0.0809,
         -0.0904,  0.0390, -0.0614,  0.1512,  0.0689,  0.0281, -0.0780, -0.1588,
         -0.0430,  0.0227,  0.0065,  0.0030,  0.0671, -0.0031,  0.0464, -0.0536,
         -0.0060,  0.0028,  0.0393, -0.0104,  0.0210, -0.0410, -0.0477,  0.1169,
          0.0249,  0.0870, -0.1136,  0.0454,  0.0123, -0.0090,  0.0461, -0.1080,
         -0.1001, -0.0424, -0.0280,  0.0727, -0.0321, -0.0149,  0.0585,  0.0241,
          0.0937, -0.0015,  0.0541, -0.1481,  0.0500,  0.0164,  0.1040,  0.1633,
          0.0644,  0.0968, -0.1638,  0.1161,  0.1325,  0.1056, -0.1173,  0.0689,
         -0.0591, -0.0235, -0.0175, -0.0643,  0.0634, -0.0684,  0.1009, -0.0738,
          0.0299, -0.0085, -0.0210,  0.0323]], device='cuda:0',
       grad_fn=<AddmmBackward0>)
Quantized model forward pass:
=== Conv2dQ forward called ===
conv2d info (float format):
inputs: tensor([[[[ 0.3283,  0.1149, -2.0322,  ..., -0.6266, -0.1983,  0.7905],
          [-1.2131,  0.1953,  0.3388,  ...,  0.1521, -0.5490, -0.1782],
          [-2.1266, -0.1709, -0.4509,  ...,  0.3075,  0.2828,  1.9392],
          ...,
          [-0.2123,  0.5449, -0.6125,  ...,  0.4676,  0.3024,  1.2541],
          [-0.7027, -0.2091,  0.2818,  ...,  0.4051,  0.3497,  0.2591],
          [ 0.3237,  0.1021, -1.9314,  ...,  0.7726, -1.8964, -0.2895]],

         [[-1.9785, -1.0987,  0.0643,  ..., -0.4250,  1.2281, -0.6366],
          [-0.5321,  1.2093, -0.4974,  ..., -1.6881, -1.1958,  0.7231],
          [ 0.3701,  0.7526, -0.1826,  ...,  1.7059, -0.4752,  1.1657],
          ...,
          [-1.9740, -1.4262,  0.5437,  ...,  0.2723,  0.0346, -0.8049],
          [ 0.1998,  0.3608, -0.9429,  ...,  0.1720,  1.7159, -1.0371],
          [-0.0674, -0.5949, -0.8494,  ...,  2.3703, -1.4926,  0.0545]],

         [[ 1.8096, -0.1234, -1.3484,  ..., -0.0960,  2.4511, -1.4220],
          [-1.1595, -0.6792, -0.7388,  ...,  0.3509,  1.4190,  0.5207],
          [-1.2504, -0.6863,  0.4846,  ..., -0.6116,  0.1543,  0.5061],
          ...,
          [-2.5909,  0.6387,  1.3876,  ..., -0.0082,  0.3759, -0.6441],
          [ 1.1312, -1.7267, -0.2044,  ..., -0.0439, -0.5307,  0.0042],
          [ 1.5162,  0.4053, -0.4114,  ..., -0.1705,  0.1443,  0.5182]]]],
       device='cuda:0', dtype=torch.float64)
weights: Parameter containing:
tensor([[[[-0.0794, -1.4934, -0.2805,  ..., -0.7187,  0.3479,  1.2787],
          [-0.6450, -1.6290,  2.3599,  ..., -1.1952,  0.2214,  1.0697],
          [ 0.1015,  2.1681,  0.0697,  ...,  0.8689, -0.1029,  0.3639],
          ...,
          [ 0.4164,  0.5344, -0.1486,  ..., -0.9913,  2.3985,  0.2105],
          [-0.5791,  0.7656,  1.6523,  ..., -0.1147,  0.1927, -0.2802],
          [ 0.4037,  1.2033, -1.4196,  ...,  0.9758,  0.5014,  1.0489]],

         [[ 0.2321,  1.0561, -2.9698,  ...,  0.0240,  0.1606, -0.1589],
          [ 0.1663,  0.2301,  0.0825,  ...,  0.0796,  0.8909,  0.6599],
          [-2.2444, -0.6016, -0.2958,  ...,  1.2646, -0.0784, -0.6199],
          ...,
          [-1.6291,  1.2434,  0.5901,  ..., -0.5779, -1.2848,  1.2925],
          [ 0.9501, -2.2468, -0.4277,  ..., -0.3958,  0.4480,  0.2040],
          [-0.2383, -0.4733,  2.4351,  ..., -1.1502,  0.4531, -0.5253]],

         [[-0.4220, -1.2975,  1.4361,  ...,  0.6103,  0.7879,  0.7797],
          [-0.0935, -1.7399,  0.6979,  ...,  0.9207,  0.3380, -0.3760],
          [-0.1565,  0.5029,  1.5895,  ...,  0.5996,  1.1777,  1.0704],
          ...,
          [ 0.0120, -0.4681, -1.8068,  ..., -0.6970,  0.2918, -0.1414],
          [-1.8634,  1.5934,  0.6309,  ...,  0.6985, -0.5574,  0.4421],
          [-0.2904,  0.0864, -1.0280,  ..., -0.2077, -1.1711,  0.7223]]],


        [[[-3.1156,  1.1692, -1.6076,  ..., -0.0907,  0.3511,  0.7588],
          [-0.8558,  0.4898, -1.2228,  ...,  0.7316,  1.2666,  1.0106],
          [-0.9195, -0.0922, -0.6160,  ..., -0.9515, -1.6792, -0.0065],
          ...,
          [ 1.1237, -1.1260, -0.3464,  ...,  1.5161, -0.7688, -0.9985],
          [-1.0022, -0.2113,  1.4202,  ..., -0.1611,  0.1865,  0.4293],
          [-0.3675,  1.7188,  0.1714,  ...,  0.3112, -0.2135,  3.0065]],

         [[-0.8562, -1.6572,  0.1845,  ...,  0.5588, -0.5009,  1.6633],
          [ 0.2893, -0.4042,  1.7449,  ..., -0.3811,  0.1415, -1.7220],
          [-1.0245,  0.0436,  1.1010,  ...,  1.5785, -0.4657, -0.0432],
          ...,
          [-1.7550,  0.3413, -0.2474,  ..., -2.0189, -0.3760,  0.5373],
          [-0.6865, -2.5909, -0.7415,  ..., -0.8979,  1.0736,  0.7094],
          [-0.6284, -1.1597,  0.1932,  ..., -1.5926, -0.2784, -0.2331]],

         [[-0.9268,  2.8132, -1.1664,  ..., -0.3036, -1.6713, -0.5206],
          [-0.6625,  0.7664,  0.3467,  ..., -2.8345,  0.2669,  1.5483],
          [-0.0728,  0.5101,  0.4102,  ...,  0.0590, -1.1923, -1.1617],
          ...,
          [ 1.9224, -1.7579,  0.3312,  ..., -1.4969, -1.7974, -0.4550],
          [-0.5830,  0.6012,  1.1378,  ..., -0.7176, -0.0338,  0.7834],
          [ 0.4583, -0.6180,  1.0969,  ...,  0.6360, -1.5025,  1.1165]]],


        [[[-1.2315,  2.5588, -0.4823,  ..., -0.0514,  0.7641,  1.1303],
          [-1.3166, -0.2164,  0.4210,  ...,  1.0706, -0.6401, -0.2592],
          [-0.2416,  1.2873,  0.8210,  ..., -1.3372,  0.7120, -1.0984],
          ...,
          [ 0.1303, -1.8621,  0.0834,  ..., -0.4274, -0.6254,  1.3949],
          [-0.9213, -1.2321,  1.8978,  ..., -0.1197,  1.3941,  1.2403],
          [ 0.6128,  0.0966,  0.4380,  ..., -0.5662, -0.0225, -0.6125]],

         [[-0.0932, -0.0592,  1.5180,  ..., -1.5894, -0.3728, -1.0187],
          [-0.1452, -0.6818,  0.9165,  ...,  0.2877, -0.2707,  0.4050],
          [-0.1752, -0.9142, -1.9595,  ...,  0.2351, -0.1818, -2.9012],
          ...,
          [-0.7420, -0.1961,  1.0581,  ...,  0.6663,  0.1957, -1.5985],
          [ 0.4274,  2.6707, -1.4383,  ...,  0.5632, -0.6040, -2.0628],
          [ 0.8594,  0.3590, -0.8839,  ...,  0.1417, -0.5856,  1.6482]],

         [[ 0.6269,  1.5865,  0.1446,  ...,  1.5970,  0.4832, -0.2800],
          [ 0.1654, -0.3636,  1.1569,  ..., -0.5924, -1.6274,  0.1639],
          [ 0.5007,  0.6056, -0.1542,  ...,  0.1420, -1.1417,  0.1765],
          ...,
          [ 0.3596,  0.0263, -0.4136,  ...,  1.2805, -2.3553, -1.1050],
          [ 0.4704, -0.7467,  1.6636,  ..., -1.0463, -1.3687, -2.1335],
          [ 0.2327,  0.6052,  1.3672,  ...,  0.7311,  0.7673,  0.4175]]],


        ...,


        [[[-0.0390, -0.2782,  0.7262,  ..., -1.3570,  1.0155, -3.8388],
          [-1.6359, -1.3453, -2.0595,  ..., -1.5303, -1.2256,  1.9313],
          [-0.4429, -1.2036, -0.3415,  ...,  0.8741, -2.4680, -0.1904],
          ...,
          [ 0.0195,  0.6818,  1.5151,  ..., -2.3841, -0.1377,  0.0263],
          [-3.0223,  0.1851, -2.5622,  ...,  0.6675,  0.1158, -0.6251],
          [ 0.2617, -1.1216,  1.7763,  ..., -1.8871,  0.5702,  0.5997]],

         [[ 0.4248,  1.0320,  2.5206,  ..., -0.1366, -0.6883, -1.5823],
          [-0.4795, -0.4636, -0.4070,  ..., -0.7314,  2.0381, -2.1496],
          [ 0.5533, -0.8825,  0.6991,  ..., -1.6342, -0.5042, -0.8884],
          ...,
          [-0.3339,  0.6215, -0.2055,  ..., -0.0909, -0.2832,  0.7541],
          [-0.8019, -0.3027, -0.5772,  ..., -0.7518,  2.8788,  1.2389],
          [-0.5083, -1.3603, -0.6060,  ...,  0.3599, -0.3349, -1.5715]],

         [[-0.5141,  0.2118, -0.8768,  ...,  0.2464,  0.5028,  2.2134],
          [ 1.8601, -0.2691, -0.0226,  ...,  1.3947,  0.7711, -0.2256],
          [ 0.7828,  0.6667, -1.8833,  ...,  0.3308,  0.3538,  0.4662],
          ...,
          [-1.0190,  0.5408,  0.5809,  ..., -0.1680,  0.6222,  0.7408],
          [ 0.7738, -0.0743,  0.2645,  ..., -0.4553, -2.0266, -0.1492],
          [-0.2115,  0.6434, -0.5291,  ...,  0.4748, -1.3028,  0.8687]]],


        [[[ 0.3582,  0.2953,  0.6075,  ...,  0.9340, -1.7751,  1.3516],
          [ 1.3682,  0.3506,  1.3162,  ...,  0.1199,  0.6574,  1.4243],
          [ 0.3865, -1.7057, -0.7827,  ...,  0.5716,  0.5861,  0.3783],
          ...,
          [ 0.0218,  0.5700, -1.0522,  ..., -0.3326, -0.1440,  0.4492],
          [-1.1331, -2.0825,  0.2899,  ...,  0.5243,  0.4501, -0.2938],
          [-1.0490, -0.5223,  0.5444,  ..., -0.6389,  0.3172,  0.3252]],

         [[-0.3169, -0.2258,  0.8448,  ...,  1.2778, -0.0040,  0.6843],
          [ 0.9163, -1.2868,  1.7798,  ...,  0.3245, -0.1225,  0.6776],
          [ 0.8560,  1.6506, -0.9031,  ...,  1.4976, -0.1310, -2.1931],
          ...,
          [ 0.1991,  1.0096,  0.5385,  ..., -0.9813, -1.2538,  0.0176],
          [ 1.6794, -0.0955, -1.3810,  ...,  0.5782,  0.1558, -0.0279],
          [ 1.1873,  0.7575,  0.4282,  ...,  0.2974, -0.8147,  0.9951]],

         [[-0.2401, -0.5861, -0.7816,  ...,  0.2564, -0.2976,  0.4031],
          [ 0.4336, -1.8278, -2.3720,  ..., -0.3081, -0.9245, -1.1414],
          [ 1.0866, -1.0661,  0.0479,  ..., -0.6518, -1.1888, -0.6388],
          ...,
          [-1.0007, -0.2842,  1.3214,  ..., -0.3781,  1.0503,  0.2486],
          [-0.5270,  0.9915,  0.1316,  ..., -0.5121, -0.7106, -0.7127],
          [-0.8654, -0.6720, -0.4016,  ..., -1.6410,  0.1405, -1.6209]]],


        [[[ 0.0803, -0.0918, -0.1991,  ...,  0.4130, -1.9902, -1.0246],
          [-1.2424,  1.2881,  1.2232,  ..., -1.0383, -1.3669,  0.3380],
          [ 0.5372, -0.2118, -2.6447,  ...,  0.2191, -1.1696, -0.1795],
          ...,
          [-0.5578, -0.3600,  0.2099,  ..., -0.8816, -0.5609, -0.5273],
          [-1.4802,  0.1149,  0.0821,  ...,  0.2481,  0.1423,  0.8442],
          [ 0.2980,  0.3434,  0.5278,  ..., -0.9103, -0.1508, -1.0787]],

         [[ 0.5812,  0.8374,  1.8337,  ..., -0.8109, -1.3521, -0.1337],
          [ 0.8348,  0.1255,  1.9037,  ...,  0.9193, -2.5253, -0.7669],
          [-1.0835,  1.2232, -0.9172,  ..., -1.6291,  0.5722,  0.6588],
          ...,
          [-0.2812, -2.2227, -0.3364,  ..., -0.5500, -1.5370,  1.4939],
          [-0.2580, -0.7793, -1.0863,  ...,  0.4880,  0.4092,  1.1365],
          [-2.3497, -0.9976,  0.0846,  ..., -1.2680,  0.6155,  0.2787]],

         [[-0.2535,  0.9772,  0.2019,  ...,  2.2803,  2.3984, -0.3491],
          [ 1.7261,  1.1883,  1.4932,  ..., -0.7767, -0.7936,  0.2972],
          [-0.1977,  0.6480, -1.4803,  ..., -1.2261,  0.3287,  0.2110],
          ...,
          [-0.4543,  0.3628, -1.2840,  ...,  1.3235,  1.6140,  0.3186],
          [ 0.0342,  2.4367, -1.1990,  ..., -0.0661,  1.1688,  0.8610],
          [-2.4906, -0.4384,  0.4483,  ...,  1.4653,  1.7421, -0.7757]]]],
       device='cuda:0', dtype=torch.float64, requires_grad=True)
bias: Parameter containing:
tensor([ 0.0777, -1.2308, -0.1413,  0.2889,  1.8473, -0.6030, -2.5478,  1.1842,
         1.4357,  3.1645, -3.4614,  0.2801, -2.6154, -0.7792,  0.9302,  1.0417,
         0.3267,  1.0308, -0.0438, -1.6607, -2.3478,  0.8304, -0.0661, -0.3745,
         0.9524, -0.2775, -2.1261,  0.3268, -0.6084, -0.5415,  0.4693,  1.3359,
        -0.3509,  0.5611,  1.1889, -1.7286,  0.0606, -0.1469,  1.2946,  0.8739,
         0.8028,  0.9333,  1.5743,  0.0601,  0.6851, -1.1123, -0.5759, -0.2201,
        -0.9765, -0.3556,  1.1302, -1.6416, -0.2887,  0.1510, -0.0083,  0.0232,
        -1.8541, -1.5083,  1.1225,  1.5287,  1.0493,  1.2693,  0.1062, -0.6656],
       device='cuda:0', dtype=torch.float64, requires_grad=True)
int_tensor tensor([[[[   3590,  -42437,  -30221,  ..., -159847, -158164, -324140],
          [  59952,  165166,   29011,  ...,  -73526,  -76334,   -1871],
          [-245405, -126258, -408732,  ...,  374409,  165054, -121682],
          ...,
          [-128179,  123401, -456636,  ...,  183535, -328445,   59507],
          [ -75726,   99066, -350292,  ...,   20776, -276359,  242184],
          [  11519, -117932,   70381,  ...,   54130,   48563,   55156]],

         [[ 154165, -247023,  -61892,  ...,  -64424,   72194,  -91282],
          [ -30946,  224396, -144975,  ..., -189227,   36309,  -58275],
          [-112395,  157738, -108748,  ..., -536536,  124676, -246096],
          ...,
          [ 276817,   77466,   -7986,  ...,   31493,  218622, -133323],
          [  62773, -183888,  -69087,  ...,   72815, -188388,  -29183],
          [ 116189, -215928,   43025,  ...,    4919, -107401,   23807]],

         [[-201716,     795,  322544,  ..., -182029,  -47023,  116173],
          [ -79967, -135396,  210575,  ...,  313565,   75745,  169090],
          [ 159939,   42736,  123352,  ...,   95528, -284198, -110598],
          ...,
          [  99545, -121870,  363176,  ...,  209425,  -34660,   27800],
          [ -63921, -114229, -117056,  ...,  135968,  170976, -128999],
          [-204644,  -52752,  -19175,  ...,  334566, -114041, -214335]],

         ...,

         [[ 276427, -231540,  258750,  ...,  -67114,  -71636,   -1108],
          [ 377561, -250761,  200138,  ...,  314489,   31860,  -14435],
          [-360511, -189860,   -8900,  ..., -137175, -190081,   65823],
          ...,
          [  57857,   58665,  419605,  ...,  490238,  163601,   50117],
          [ 209820,  -37113,  143233,  ...,  -84298,  -76697, -139547],
          [ -44817,  -77904, -176461,  ..., -308071,   41476, -112996]],

         [[  -2760, -190756,  189427,  ...,  -62129,   43162, -132037],
          [-212057,  190592, -152005,  ...,   25706,   58532,  -10716],
          [ 179369,   55583,  -74396,  ..., -117540,  504323,  -35183],
          ...,
          [   1478,  -51861, -149627,  ..., -289042,  -23741,  198015],
          [ -88507, -144649,   89484,  ..., -277917, -163809,   98576],
          [  41901,  106284,  -13630,  ...,  195518,  352539,  -28761]],

         [[ 232990, -123637,  -91090,  ...,  -72315, -163150,   88620],
          [ 145519,   98971, -124120,  ...,  155944,  -40981, -106032],
          [ -26505, -159193, -396066,  ..., -152047, -533939, -213263],
          ...,
          [ -14530,  283710,   99880,  ...,  -78773, -277904,  260081],
          [  63057, -304192,  -70315,  ...,  198318,   74030, -342167],
          [  22905, -249160, -110173,  ...,  -71334,   59830,   79324]]]],
       device='cuda:0')
truncated inttensor: tensor([[[[   28,  -332,  -237,  ..., -1249, -1236, -2533],
          [  468,  1290,   226,  ...,  -575,  -597,   -15],
          [-1918,  -987, -3194,  ...,  2925,  1289,  -951],
          ...,
          [-1002,   964, -3568,  ...,  1433, -2566,   464],
          [ -592,   773, -2737,  ...,   162, -2160,  1892],
          [   89,  -922,   549,  ...,   422,   379,   430]],

         [[ 1204, -1930,  -484,  ...,  -504,   564,  -714],
          [ -242,  1753, -1133,  ..., -1479,   283,  -456],
          [ -879,  1232,  -850,  ..., -4192,   974, -1923],
          ...,
          [ 2162,   605,   -63,  ...,   246,  1707, -1042],
          [  490, -1437,  -540,  ...,   568, -1472,  -228],
          [  907, -1687,   336,  ...,    38,  -840,   185]],

         [[-1576,     6,  2519,  ..., -1423,  -368,   907],
          [ -625, -1058,  1645,  ...,  2449,   591,  1321],
          [ 1249,   333,   963,  ...,   746, -2221,  -865],
          ...,
          [  777,  -953,  2837,  ...,  1636,  -271,   217],
          [ -500,  -893,  -915,  ...,  1062,  1335, -1008],
          [-1599,  -413,  -150,  ...,  2613,  -891, -1675]],

         ...,

         [[ 2159, -1809,  2021,  ...,  -525,  -560,    -9],
          [ 2949, -1960,  1563,  ...,  2456,   248,  -113],
          [-2817, -1484,   -70,  ..., -1072, -1486,   514],
          ...,
          [  452,   458,  3278,  ...,  3829,  1278,   391],
          [ 1639,  -290,  1119,  ...,  -659,  -600, -1091],
          [ -351,  -609, -1379,  ..., -2407,   324,  -883]],

         [[  -22, -1491,  1479,  ...,  -486,   337, -1032],
          [-1657,  1489, -1188,  ...,   200,   457,   -84],
          [ 1401,   434,  -582,  ...,  -919,  3940,  -275],
          ...,
          [   11,  -406, -1169,  ..., -2259,  -186,  1546],
          [ -692, -1131,   699,  ..., -2172, -1280,   770],
          [  327,   830,  -107,  ...,  1527,  2754,  -225]],

         [[ 1820,  -966,  -712,  ...,  -565, -1275,   692],
          [ 1136,   773,  -970,  ...,  1218,  -321,  -829],
          [ -208, -1244, -3095,  ..., -1188, -4172, -1667],
          ...,
          [ -114,  2216,   780,  ...,  -616, -2172,  2031],
          [  492, -2377,  -550,  ...,  1549,   578, -2674],
          [  178, -1947,  -861,  ...,  -558,   467,   619]]]], device='cuda:0')
tensor([[[[  0.2188,  -2.5938,  -1.8516,  ...,  -9.7578,  -9.6562, -19.7891],
          [  3.6562,  10.0781,   1.7656,  ...,  -4.4922,  -4.6641,  -0.1172],
          [-14.9844,  -7.7109, -24.9531,  ...,  22.8516,  10.0703,  -7.4297],
          ...,
          [ -7.8281,   7.5312, -27.8750,  ...,  11.1953, -20.0469,   3.6250],
          [ -4.6250,   6.0391, -21.3828,  ...,   1.2656, -16.8750,  14.7812],
          [  0.6953,  -7.2031,   4.2891,  ...,   3.2969,   2.9609,   3.3594]],

         [[  9.4062, -15.0781,  -3.7812,  ...,  -3.9375,   4.4062,  -5.5781],
          [ -1.8906,  13.6953,  -8.8516,  ..., -11.5547,   2.2109,  -3.5625],
          [ -6.8672,   9.6250,  -6.6406,  ..., -32.7500,   7.6094, -15.0234],
          ...,
          [ 16.8906,   4.7266,  -0.4922,  ...,   1.9219,  13.3359,  -8.1406],
          [  3.8281, -11.2266,  -4.2188,  ...,   4.4375, -11.5000,  -1.7812],
          [  7.0859, -13.1797,   2.6250,  ...,   0.2969,  -6.5625,   1.4453]],

         [[-12.3125,   0.0469,  19.6797,  ..., -11.1172,  -2.8750,   7.0859],
          [ -4.8828,  -8.2656,  12.8516,  ...,  19.1328,   4.6172,  10.3203],
          [  9.7578,   2.6016,   7.5234,  ...,   5.8281, -17.3516,  -6.7578],
          ...,
          [  6.0703,  -7.4453,  22.1641,  ...,  12.7812,  -2.1172,   1.6953],
          [ -3.9062,  -6.9766,  -7.1484,  ...,   8.2969,  10.4297,  -7.8750],
          [-12.4922,  -3.2266,  -1.1719,  ...,  20.4141,  -6.9609, -13.0859]],

         ...,

         [[ 16.8672, -14.1328,  15.7891,  ...,  -4.1016,  -4.3750,  -0.0703],
          [ 23.0391, -15.3125,  12.2109,  ...,  19.1875,   1.9375,  -0.8828],
          [-22.0078, -11.5938,  -0.5469,  ...,  -8.3750, -11.6094,   4.0156],
          ...,
          [  3.5312,   3.5781,  25.6094,  ...,  29.9141,   9.9844,   3.0547],
          [ 12.8047,  -2.2656,   8.7422,  ...,  -5.1484,  -4.6875,  -8.5234],
          [ -2.7422,  -4.7578, -10.7734,  ..., -18.8047,   2.5312,  -6.8984]],

         [[ -0.1719, -11.6484,  11.5547,  ...,  -3.7969,   2.6328,  -8.0625],
          [-12.9453,  11.6328,  -9.2812,  ...,   1.5625,   3.5703,  -0.6562],
          [ 10.9453,   3.3906,  -4.5469,  ...,  -7.1797,  30.7812,  -2.1484],
          ...,
          [  0.0859,  -3.1719,  -9.1328,  ..., -17.6484,  -1.4531,  12.0781],
          [ -5.4062,  -8.8359,   5.4609,  ..., -16.9688, -10.0000,   6.0156],
          [  2.5547,   6.4844,  -0.8359,  ...,  11.9297,  21.5156,  -1.7578]],

         [[ 14.2188,  -7.5469,  -5.5625,  ...,  -4.4141,  -9.9609,   5.4062],
          [  8.8750,   6.0391,  -7.5781,  ...,   9.5156,  -2.5078,  -6.4766],
          [ -1.6250,  -9.7188, -24.1797,  ...,  -9.2812, -32.5938, -13.0234],
          ...,
          [ -0.8906,  17.3125,   6.0938,  ...,  -4.8125, -16.9688,  15.8672],
          [  3.8438, -18.5703,  -4.2969,  ...,  12.1016,   4.5156, -20.8906],
          [  1.3906, -15.2109,  -6.7266,  ...,  -4.3594,   3.6484,   4.8359]]]],
       device='cuda:0', dtype=torch.float64)
=== BatchNorm2dQ forward called ===
conv2d info (float format):
inputs: tensor([[[[  0.2188,  -2.5938,  -1.8516,  ...,  -9.7578,  -9.6562, -19.7891],
          [  3.6562,  10.0781,   1.7656,  ...,  -4.4922,  -4.6641,  -0.1172],
          [-14.9844,  -7.7109, -24.9531,  ...,  22.8516,  10.0703,  -7.4297],
          ...,
          [ -7.8281,   7.5312, -27.8750,  ...,  11.1953, -20.0469,   3.6250],
          [ -4.6250,   6.0391, -21.3828,  ...,   1.2656, -16.8750,  14.7812],
          [  0.6953,  -7.2031,   4.2891,  ...,   3.2969,   2.9609,   3.3594]],

         [[  9.4062, -15.0781,  -3.7812,  ...,  -3.9375,   4.4062,  -5.5781],
          [ -1.8906,  13.6953,  -8.8516,  ..., -11.5547,   2.2109,  -3.5625],
          [ -6.8672,   9.6250,  -6.6406,  ..., -32.7500,   7.6094, -15.0234],
          ...,
          [ 16.8906,   4.7266,  -0.4922,  ...,   1.9219,  13.3359,  -8.1406],
          [  3.8281, -11.2266,  -4.2188,  ...,   4.4375, -11.5000,  -1.7812],
          [  7.0859, -13.1797,   2.6250,  ...,   0.2969,  -6.5625,   1.4453]],

         [[-12.3125,   0.0469,  19.6797,  ..., -11.1172,  -2.8750,   7.0859],
          [ -4.8828,  -8.2656,  12.8516,  ...,  19.1328,   4.6172,  10.3203],
          [  9.7578,   2.6016,   7.5234,  ...,   5.8281, -17.3516,  -6.7578],
          ...,
          [  6.0703,  -7.4453,  22.1641,  ...,  12.7812,  -2.1172,   1.6953],
          [ -3.9062,  -6.9766,  -7.1484,  ...,   8.2969,  10.4297,  -7.8750],
          [-12.4922,  -3.2266,  -1.1719,  ...,  20.4141,  -6.9609, -13.0859]],

         ...,

         [[ 16.8672, -14.1328,  15.7891,  ...,  -4.1016,  -4.3750,  -0.0703],
          [ 23.0391, -15.3125,  12.2109,  ...,  19.1875,   1.9375,  -0.8828],
          [-22.0078, -11.5938,  -0.5469,  ...,  -8.3750, -11.6094,   4.0156],
          ...,
          [  3.5312,   3.5781,  25.6094,  ...,  29.9141,   9.9844,   3.0547],
          [ 12.8047,  -2.2656,   8.7422,  ...,  -5.1484,  -4.6875,  -8.5234],
          [ -2.7422,  -4.7578, -10.7734,  ..., -18.8047,   2.5312,  -6.8984]],

         [[ -0.1719, -11.6484,  11.5547,  ...,  -3.7969,   2.6328,  -8.0625],
          [-12.9453,  11.6328,  -9.2812,  ...,   1.5625,   3.5703,  -0.6562],
          [ 10.9453,   3.3906,  -4.5469,  ...,  -7.1797,  30.7812,  -2.1484],
          ...,
          [  0.0859,  -3.1719,  -9.1328,  ..., -17.6484,  -1.4531,  12.0781],
          [ -5.4062,  -8.8359,   5.4609,  ..., -16.9688, -10.0000,   6.0156],
          [  2.5547,   6.4844,  -0.8359,  ...,  11.9297,  21.5156,  -1.7578]],

         [[ 14.2188,  -7.5469,  -5.5625,  ...,  -4.4141,  -9.9609,   5.4062],
          [  8.8750,   6.0391,  -7.5781,  ...,   9.5156,  -2.5078,  -6.4766],
          [ -1.6250,  -9.7188, -24.1797,  ...,  -9.2812, -32.5938, -13.0234],
          ...,
          [ -0.8906,  17.3125,   6.0938,  ...,  -4.8125, -16.9688,  15.8672],
          [  3.8438, -18.5703,  -4.2969,  ...,  12.1016,   4.5156, -20.8906],
          [  1.3906, -15.2109,  -6.7266,  ...,  -4.3594,   3.6484,   4.8359]]]],
       device='cuda:0', dtype=torch.float64, grad_fn=<Conv2dQBackward>)
running_mean: Parameter containing:
tensor([0., 0., 0., 0., 0., 0., 0., 0., 0., 0., 0., 0., 0., 0., 0., 0., 0., 0., 0., 0., 0., 0., 0., 0.,
        0., 0., 0., 0., 0., 0., 0., 0., 0., 0., 0., 0., 0., 0., 0., 0., 0., 0., 0., 0., 0., 0., 0., 0.,
        0., 0., 0., 0., 0., 0., 0., 0., 0., 0., 0., 0., 0., 0., 0., 0.],
       device='cuda:0', dtype=torch.float64)
running_var: Parameter containing:
tensor([0., 0., 0., 0., 0., 0., 0., 0., 0., 0., 0., 0., 0., 0., 0., 0., 0., 0., 0., 0., 0., 0., 0., 0.,
        0., 0., 0., 0., 0., 0., 0., 0., 0., 0., 0., 0., 0., 0., 0., 0., 0., 0., 0., 0., 0., 0., 0., 0.,
        0., 0., 0., 0., 0., 0., 0., 0., 0., 0., 0., 0., 0., 0., 0., 0.],
       device='cuda:0', dtype=torch.float64)
weight: Parameter containing:
tensor([-0.1769,  1.7718,  0.4653,  1.2685,  0.3993, -1.4436,  0.5670, -0.0811,
         0.2755, -1.4070,  1.4296,  0.3879, -0.7494,  0.6759,  0.8365,  1.0445,
        -1.6315, -1.0793,  0.4133,  1.9198,  0.4756,  0.3622,  1.0615,  1.7166,
         0.6592, -1.2695,  0.0546, -1.7253, -0.1821, -0.9658,  0.7924,  1.1952,
        -1.5444,  0.5402, -1.3059, -0.6010, -0.3451, -0.3120,  0.5631, -0.2592,
        -0.8356, -0.6225,  0.2463, -0.0624,  2.0152,  0.0460, -0.2129, -1.9095,
        -0.4159,  0.9499, -0.9367, -0.6699,  0.0459,  1.1868, -2.3046, -0.8649,
         0.4310, -1.1214,  0.7081, -1.7696, -0.9709, -0.2568, -0.1078, -0.7197],
       device='cuda:0', dtype=torch.float64, requires_grad=True)
bias: Parameter containing:
tensor([-0.6172,  0.4092,  0.0208, -0.9347, -0.8697, -1.5893,  0.2189, -0.2186,
        -0.2231, -0.5345,  0.6340, -0.2435, -0.6552, -0.1797, -0.3570, -1.7805,
        -0.8433,  0.4929, -0.4155,  2.7734,  1.3499,  0.0171, -0.8747, -1.1117,
         2.0148, -1.5701,  0.8702, -0.5703, -0.9980,  0.2472,  1.2468,  0.8433,
        -0.2550,  0.4000, -0.4574,  0.7803, -0.0876, -0.6915,  1.5242, -1.1979,
        -2.4546, -0.0881, -0.7137, -1.1086, -0.7943,  0.1622,  0.1336, -0.9443,
        -1.9576, -0.2597, -0.2044,  1.3572,  0.2415,  1.3154, -0.0044,  0.8990,
        -0.3793, -1.9025,  1.1659,  0.5104,  0.6610,  0.2799,  0.4217,  2.1004],
       device='cuda:0', dtype=torch.float64, requires_grad=True)
int_tensor tensor([0, 0, 0, 0, 0, 0, 0, 0, 0, 0, 0, 0, 0, 0, 0, 0, 0, 0, 0, 0, 0, 0, 0, 0,
        0, 0, 0, 0, 0, 0, 0, 0, 0, 0, 0, 0, 0, 0, 0, 0, 0, 0, 0, 0, 0, 0, 0, 0,
        0, 0, 0, 0, 0, 0, 0, 0, 0, 0, 0, 0, 0, 0, 0, 0], device='cuda:0')
truncated inttensor: tensor([0, 0, 0, 0, 0, 0, 0, 0, 0, 0, 0, 0, 0, 0, 0, 0, 0, 0, 0, 0, 0, 0, 0, 0,
        0, 0, 0, 0, 0, 0, 0, 0, 0, 0, 0, 0, 0, 0, 0, 0, 0, 0, 0, 0, 0, 0, 0, 0,
        0, 0, 0, 0, 0, 0, 0, 0, 0, 0, 0, 0, 0, 0, 0, 0], device='cuda:0')
int_tensor tensor([[[[0, 0, 0,  ..., 0, 0, 0],
          [0, 0, 0,  ..., 0, 0, 0],
          [0, 0, 0,  ..., 0, 0, 0],
          ...,
          [0, 0, 0,  ..., 0, 0, 0],
          [0, 0, 0,  ..., 0, 0, 0],
          [0, 0, 0,  ..., 0, 0, 0]],

         [[0, 0, 0,  ..., 0, 0, 0],
          [0, 0, 0,  ..., 0, 0, 0],
          [0, 0, 0,  ..., 0, 0, 0],
          ...,
          [0, 0, 0,  ..., 0, 0, 0],
          [0, 0, 0,  ..., 0, 0, 0],
          [0, 0, 0,  ..., 0, 0, 0]],

         [[0, 0, 0,  ..., 0, 0, 0],
          [0, 0, 0,  ..., 0, 0, 0],
          [0, 0, 0,  ..., 0, 0, 0],
          ...,
          [0, 0, 0,  ..., 0, 0, 0],
          [0, 0, 0,  ..., 0, 0, 0],
          [0, 0, 0,  ..., 0, 0, 0]],

         ...,

         [[0, 0, 0,  ..., 0, 0, 0],
          [0, 0, 0,  ..., 0, 0, 0],
          [0, 0, 0,  ..., 0, 0, 0],
          ...,
          [0, 0, 0,  ..., 0, 0, 0],
          [0, 0, 0,  ..., 0, 0, 0],
          [0, 0, 0,  ..., 0, 0, 0]],

         [[0, 0, 0,  ..., 0, 0, 0],
          [0, 0, 0,  ..., 0, 0, 0],
          [0, 0, 0,  ..., 0, 0, 0],
          ...,
          [0, 0, 0,  ..., 0, 0, 0],
          [0, 0, 0,  ..., 0, 0, 0],
          [0, 0, 0,  ..., 0, 0, 0]],

         [[0, 0, 0,  ..., 0, 0, 0],
          [0, 0, 0,  ..., 0, 0, 0],
          [0, 0, 0,  ..., 0, 0, 0],
          ...,
          [0, 0, 0,  ..., 0, 0, 0],
          [0, 0, 0,  ..., 0, 0, 0],
          [0, 0, 0,  ..., 0, 0, 0]]]], device='cuda:0')
truncated inttensor: tensor([[[[0, 0, 0,  ..., 0, 0, 0],
          [0, 0, 0,  ..., 0, 0, 0],
          [0, 0, 0,  ..., 0, 0, 0],
          ...,
          [0, 0, 0,  ..., 0, 0, 0],
          [0, 0, 0,  ..., 0, 0, 0],
          [0, 0, 0,  ..., 0, 0, 0]],

         [[0, 0, 0,  ..., 0, 0, 0],
          [0, 0, 0,  ..., 0, 0, 0],
          [0, 0, 0,  ..., 0, 0, 0],
          ...,
          [0, 0, 0,  ..., 0, 0, 0],
          [0, 0, 0,  ..., 0, 0, 0],
          [0, 0, 0,  ..., 0, 0, 0]],

         [[0, 0, 0,  ..., 0, 0, 0],
          [0, 0, 0,  ..., 0, 0, 0],
          [0, 0, 0,  ..., 0, 0, 0],
          ...,
          [0, 0, 0,  ..., 0, 0, 0],
          [0, 0, 0,  ..., 0, 0, 0],
          [0, 0, 0,  ..., 0, 0, 0]],

         ...,

         [[0, 0, 0,  ..., 0, 0, 0],
          [0, 0, 0,  ..., 0, 0, 0],
          [0, 0, 0,  ..., 0, 0, 0],
          ...,
          [0, 0, 0,  ..., 0, 0, 0],
          [0, 0, 0,  ..., 0, 0, 0],
          [0, 0, 0,  ..., 0, 0, 0]],

         [[0, 0, 0,  ..., 0, 0, 0],
          [0, 0, 0,  ..., 0, 0, 0],
          [0, 0, 0,  ..., 0, 0, 0],
          ...,
          [0, 0, 0,  ..., 0, 0, 0],
          [0, 0, 0,  ..., 0, 0, 0],
          [0, 0, 0,  ..., 0, 0, 0]],

         [[0, 0, 0,  ..., 0, 0, 0],
          [0, 0, 0,  ..., 0, 0, 0],
          [0, 0, 0,  ..., 0, 0, 0],
          ...,
          [0, 0, 0,  ..., 0, 0, 0],
          [0, 0, 0,  ..., 0, 0, 0],
          [0, 0, 0,  ..., 0, 0, 0]]]], device='cuda:0')
int_tensor tensor([[[[-10112, -10112, -10112,  ..., -10112, -10112, -10112],
          [-10112, -10112, -10112,  ..., -10112, -10112, -10112],
          [-10112, -10112, -10112,  ..., -10112, -10112, -10112],
          ...,
          [-10112, -10112, -10112,  ..., -10112, -10112, -10112],
          [-10112, -10112, -10112,  ..., -10112, -10112, -10112],
          [-10112, -10112, -10112,  ..., -10112, -10112, -10112]],

         [[  6656,   6656,   6656,  ...,   6656,   6656,   6656],
          [  6656,   6656,   6656,  ...,   6656,   6656,   6656],
          [  6656,   6656,   6656,  ...,   6656,   6656,   6656],
          ...,
          [  6656,   6656,   6656,  ...,   6656,   6656,   6656],
          [  6656,   6656,   6656,  ...,   6656,   6656,   6656],
          [  6656,   6656,   6656,  ...,   6656,   6656,   6656]],

         [[   384,    384,    384,  ...,    384,    384,    384],
          [   384,    384,    384,  ...,    384,    384,    384],
          [   384,    384,    384,  ...,    384,    384,    384],
          ...,
          [   384,    384,    384,  ...,    384,    384,    384],
          [   384,    384,    384,  ...,    384,    384,    384],
          [   384,    384,    384,  ...,    384,    384,    384]],

         ...,

         [[  4608,   4608,   4608,  ...,   4608,   4608,   4608],
          [  4608,   4608,   4608,  ...,   4608,   4608,   4608],
          [  4608,   4608,   4608,  ...,   4608,   4608,   4608],
          ...,
          [  4608,   4608,   4608,  ...,   4608,   4608,   4608],
          [  4608,   4608,   4608,  ...,   4608,   4608,   4608],
          [  4608,   4608,   4608,  ...,   4608,   4608,   4608]],

         [[  6912,   6912,   6912,  ...,   6912,   6912,   6912],
          [  6912,   6912,   6912,  ...,   6912,   6912,   6912],
          [  6912,   6912,   6912,  ...,   6912,   6912,   6912],
          ...,
          [  6912,   6912,   6912,  ...,   6912,   6912,   6912],
          [  6912,   6912,   6912,  ...,   6912,   6912,   6912],
          [  6912,   6912,   6912,  ...,   6912,   6912,   6912]],

         [[ 34432,  34432,  34432,  ...,  34432,  34432,  34432],
          [ 34432,  34432,  34432,  ...,  34432,  34432,  34432],
          [ 34432,  34432,  34432,  ...,  34432,  34432,  34432],
          ...,
          [ 34432,  34432,  34432,  ...,  34432,  34432,  34432],
          [ 34432,  34432,  34432,  ...,  34432,  34432,  34432],
          [ 34432,  34432,  34432,  ...,  34432,  34432,  34432]]]],
       device='cuda:0')
truncated inttensor: tensor([[[[-79, -79, -79,  ..., -79, -79, -79],
          [-79, -79, -79,  ..., -79, -79, -79],
          [-79, -79, -79,  ..., -79, -79, -79],
          ...,
          [-79, -79, -79,  ..., -79, -79, -79],
          [-79, -79, -79,  ..., -79, -79, -79],
          [-79, -79, -79,  ..., -79, -79, -79]],

         [[ 52,  52,  52,  ...,  52,  52,  52],
          [ 52,  52,  52,  ...,  52,  52,  52],
          [ 52,  52,  52,  ...,  52,  52,  52],
          ...,
          [ 52,  52,  52,  ...,  52,  52,  52],
          [ 52,  52,  52,  ...,  52,  52,  52],
          [ 52,  52,  52,  ...,  52,  52,  52]],

         [[  3,   3,   3,  ...,   3,   3,   3],
          [  3,   3,   3,  ...,   3,   3,   3],
          [  3,   3,   3,  ...,   3,   3,   3],
          ...,
          [  3,   3,   3,  ...,   3,   3,   3],
          [  3,   3,   3,  ...,   3,   3,   3],
          [  3,   3,   3,  ...,   3,   3,   3]],

         ...,

         [[ 36,  36,  36,  ...,  36,  36,  36],
          [ 36,  36,  36,  ...,  36,  36,  36],
          [ 36,  36,  36,  ...,  36,  36,  36],
          ...,
          [ 36,  36,  36,  ...,  36,  36,  36],
          [ 36,  36,  36,  ...,  36,  36,  36],
          [ 36,  36,  36,  ...,  36,  36,  36]],

         [[ 54,  54,  54,  ...,  54,  54,  54],
          [ 54,  54,  54,  ...,  54,  54,  54],
          [ 54,  54,  54,  ...,  54,  54,  54],
          ...,
          [ 54,  54,  54,  ...,  54,  54,  54],
          [ 54,  54,  54,  ...,  54,  54,  54],
          [ 54,  54,  54,  ...,  54,  54,  54]],

         [[269, 269, 269,  ..., 269, 269, 269],
          [269, 269, 269,  ..., 269, 269, 269],
          [269, 269, 269,  ..., 269, 269, 269],
          ...,
          [269, 269, 269,  ..., 269, 269, 269],
          [269, 269, 269,  ..., 269, 269, 269],
          [269, 269, 269,  ..., 269, 269, 269]]]], device='cuda:0')
tensor([[[[-0.6172, -0.6172, -0.6172,  ..., -0.6172, -0.6172, -0.6172],
          [-0.6172, -0.6172, -0.6172,  ..., -0.6172, -0.6172, -0.6172],
          [-0.6172, -0.6172, -0.6172,  ..., -0.6172, -0.6172, -0.6172],
          ...,
          [-0.6172, -0.6172, -0.6172,  ..., -0.6172, -0.6172, -0.6172],
          [-0.6172, -0.6172, -0.6172,  ..., -0.6172, -0.6172, -0.6172],
          [-0.6172, -0.6172, -0.6172,  ..., -0.6172, -0.6172, -0.6172]],

         [[ 0.4062,  0.4062,  0.4062,  ...,  0.4062,  0.4062,  0.4062],
          [ 0.4062,  0.4062,  0.4062,  ...,  0.4062,  0.4062,  0.4062],
          [ 0.4062,  0.4062,  0.4062,  ...,  0.4062,  0.4062,  0.4062],
          ...,
          [ 0.4062,  0.4062,  0.4062,  ...,  0.4062,  0.4062,  0.4062],
          [ 0.4062,  0.4062,  0.4062,  ...,  0.4062,  0.4062,  0.4062],
          [ 0.4062,  0.4062,  0.4062,  ...,  0.4062,  0.4062,  0.4062]],

         [[ 0.0234,  0.0234,  0.0234,  ...,  0.0234,  0.0234,  0.0234],
          [ 0.0234,  0.0234,  0.0234,  ...,  0.0234,  0.0234,  0.0234],
          [ 0.0234,  0.0234,  0.0234,  ...,  0.0234,  0.0234,  0.0234],
          ...,
          [ 0.0234,  0.0234,  0.0234,  ...,  0.0234,  0.0234,  0.0234],
          [ 0.0234,  0.0234,  0.0234,  ...,  0.0234,  0.0234,  0.0234],
          [ 0.0234,  0.0234,  0.0234,  ...,  0.0234,  0.0234,  0.0234]],

         ...,

         [[ 0.2812,  0.2812,  0.2812,  ...,  0.2812,  0.2812,  0.2812],
          [ 0.2812,  0.2812,  0.2812,  ...,  0.2812,  0.2812,  0.2812],
          [ 0.2812,  0.2812,  0.2812,  ...,  0.2812,  0.2812,  0.2812],
          ...,
          [ 0.2812,  0.2812,  0.2812,  ...,  0.2812,  0.2812,  0.2812],
          [ 0.2812,  0.2812,  0.2812,  ...,  0.2812,  0.2812,  0.2812],
          [ 0.2812,  0.2812,  0.2812,  ...,  0.2812,  0.2812,  0.2812]],

         [[ 0.4219,  0.4219,  0.4219,  ...,  0.4219,  0.4219,  0.4219],
          [ 0.4219,  0.4219,  0.4219,  ...,  0.4219,  0.4219,  0.4219],
          [ 0.4219,  0.4219,  0.4219,  ...,  0.4219,  0.4219,  0.4219],
          ...,
          [ 0.4219,  0.4219,  0.4219,  ...,  0.4219,  0.4219,  0.4219],
          [ 0.4219,  0.4219,  0.4219,  ...,  0.4219,  0.4219,  0.4219],
          [ 0.4219,  0.4219,  0.4219,  ...,  0.4219,  0.4219,  0.4219]],

         [[ 2.1016,  2.1016,  2.1016,  ...,  2.1016,  2.1016,  2.1016],
          [ 2.1016,  2.1016,  2.1016,  ...,  2.1016,  2.1016,  2.1016],
          [ 2.1016,  2.1016,  2.1016,  ...,  2.1016,  2.1016,  2.1016],
          ...,
          [ 2.1016,  2.1016,  2.1016,  ...,  2.1016,  2.1016,  2.1016],
          [ 2.1016,  2.1016,  2.1016,  ...,  2.1016,  2.1016,  2.1016],
          [ 2.1016,  2.1016,  2.1016,  ...,  2.1016,  2.1016,  2.1016]]]],
       device='cuda:0', dtype=torch.float64)
=== Conv2dQ forward called ===
conv2d info (float format):
inputs: tensor([[[[0.0000, 0.0000, 0.0000,  ..., 0.0000, 0.0000, 0.0000],
          [0.0000, 0.0000, 0.0000,  ..., 0.0000, 0.0000, 0.0000],
          [0.0000, 0.0000, 0.0000,  ..., 0.0000, 0.0000, 0.0000],
          ...,
          [0.0000, 0.0000, 0.0000,  ..., 0.0000, 0.0000, 0.0000],
          [0.0000, 0.0000, 0.0000,  ..., 0.0000, 0.0000, 0.0000],
          [0.0000, 0.0000, 0.0000,  ..., 0.0000, 0.0000, 0.0000]],

         [[0.4062, 0.4062, 0.4062,  ..., 0.4062, 0.4062, 0.4062],
          [0.4062, 0.4062, 0.4062,  ..., 0.4062, 0.4062, 0.4062],
          [0.4062, 0.4062, 0.4062,  ..., 0.4062, 0.4062, 0.4062],
          ...,
          [0.4062, 0.4062, 0.4062,  ..., 0.4062, 0.4062, 0.4062],
          [0.4062, 0.4062, 0.4062,  ..., 0.4062, 0.4062, 0.4062],
          [0.4062, 0.4062, 0.4062,  ..., 0.4062, 0.4062, 0.4062]],

         [[0.0234, 0.0234, 0.0234,  ..., 0.0234, 0.0234, 0.0234],
          [0.0234, 0.0234, 0.0234,  ..., 0.0234, 0.0234, 0.0234],
          [0.0234, 0.0234, 0.0234,  ..., 0.0234, 0.0234, 0.0234],
          ...,
          [0.0234, 0.0234, 0.0234,  ..., 0.0234, 0.0234, 0.0234],
          [0.0234, 0.0234, 0.0234,  ..., 0.0234, 0.0234, 0.0234],
          [0.0234, 0.0234, 0.0234,  ..., 0.0234, 0.0234, 0.0234]],

         ...,

         [[0.2812, 0.2812, 0.2812,  ..., 0.2812, 0.2812, 0.2812],
          [0.2812, 0.2812, 0.2812,  ..., 0.2812, 0.2812, 0.2812],
          [0.2812, 0.2812, 0.2812,  ..., 0.2812, 0.2812, 0.2812],
          ...,
          [0.2812, 0.2812, 0.2812,  ..., 0.2812, 0.2812, 0.2812],
          [0.2812, 0.2812, 0.2812,  ..., 0.2812, 0.2812, 0.2812],
          [0.2812, 0.2812, 0.2812,  ..., 0.2812, 0.2812, 0.2812]],

         [[0.4219, 0.4219, 0.4219,  ..., 0.4219, 0.4219, 0.4219],
          [0.4219, 0.4219, 0.4219,  ..., 0.4219, 0.4219, 0.4219],
          [0.4219, 0.4219, 0.4219,  ..., 0.4219, 0.4219, 0.4219],
          ...,
          [0.4219, 0.4219, 0.4219,  ..., 0.4219, 0.4219, 0.4219],
          [0.4219, 0.4219, 0.4219,  ..., 0.4219, 0.4219, 0.4219],
          [0.4219, 0.4219, 0.4219,  ..., 0.4219, 0.4219, 0.4219]],

         [[2.1016, 2.1016, 2.1016,  ..., 2.1016, 2.1016, 2.1016],
          [2.1016, 2.1016, 2.1016,  ..., 2.1016, 2.1016, 2.1016],
          [2.1016, 2.1016, 2.1016,  ..., 2.1016, 2.1016, 2.1016],
          ...,
          [2.1016, 2.1016, 2.1016,  ..., 2.1016, 2.1016, 2.1016],
          [2.1016, 2.1016, 2.1016,  ..., 2.1016, 2.1016, 2.1016],
          [2.1016, 2.1016, 2.1016,  ..., 2.1016, 2.1016, 2.1016]]]],
       device='cuda:0', dtype=torch.float64, grad_fn=<ReluBackward0>)
weights: Parameter containing:
tensor([[[[-7.5020e-01,  8.9729e-01, -5.1356e-01,  ..., -1.2167e+00,
           -1.0325e+00, -1.2387e+00],
          [-2.6605e-01, -1.4020e-01, -4.1165e-01,  ..., -4.1825e-01,
            6.3398e-02, -1.3988e+00],
          [ 3.7778e-01,  9.9797e-02, -6.1156e-01,  ...,  3.3464e-01,
           -5.3641e-01, -3.7727e-01],
          ...,
          [-2.8585e-01, -7.6096e-01, -5.8869e-01,  ..., -1.7122e+00,
           -4.5611e-01, -1.5357e-01],
          [-1.0300e+00,  4.6604e-01,  4.1403e-02,  ..., -6.7095e-01,
            1.4898e+00,  4.5262e-01],
          [-1.4049e+00, -3.9029e-01, -6.7419e-01,  ..., -5.3944e-02,
           -7.3883e-01,  1.1093e+00]],

         [[-2.5271e+00,  7.0219e-01,  1.0612e+00,  ..., -1.3075e+00,
            1.5155e+00, -1.3948e-01],
          [ 3.2646e-01,  2.1293e-01,  1.1949e+00,  ..., -1.2314e+00,
            8.4409e-01, -5.6729e-01],
          [-5.4039e-01,  3.9517e-02, -8.4478e-02,  ...,  8.1154e-01,
            6.7991e-01, -1.3342e-01],
          ...,
          [-3.5608e-01,  1.2185e+00, -1.7218e+00,  ..., -3.5527e-01,
           -1.2541e+00,  2.7251e-01],
          [-1.2154e+00,  1.0152e+00, -1.2166e+00,  ...,  1.1421e+00,
           -1.1898e+00, -1.8900e+00],
          [ 1.9007e-02, -3.2945e-01,  2.4998e-01,  ..., -2.0635e-01,
            1.1680e+00,  1.5069e-01]],

         [[ 1.6951e+00, -1.8806e+00,  3.6613e-01,  ..., -7.4158e-01,
            8.4454e-01,  8.3487e-01],
          [-2.9604e-01,  4.8769e-02,  1.8611e+00,  ..., -1.4978e+00,
            5.5860e-02,  1.7013e-01],
          [-1.4433e+00, -6.9202e-01,  1.8742e+00,  ...,  2.8712e+00,
            8.4282e-01,  7.4513e-01],
          ...,
          [-1.1594e+00,  7.0770e-01, -1.3151e+00,  ..., -1.3116e-01,
            5.3115e-01,  5.9832e-01],
          [-3.1466e-02,  1.7038e+00, -6.0119e-02,  ...,  1.2970e+00,
            1.2832e+00, -2.2993e-01],
          [ 9.7434e-02,  1.3966e-01, -6.8101e-01,  ...,  4.8421e-01,
            7.9328e-01,  1.2654e+00]],

         ...,

         [[ 3.6803e-02, -3.7054e-01, -6.9686e-01,  ..., -7.2451e-01,
           -1.4378e+00,  2.1575e+00],
          [-1.2570e+00, -8.0203e-01,  1.9504e-01,  ..., -4.2031e-01,
           -4.3636e-01,  4.3502e-01],
          [ 9.0711e-01,  6.6556e-01,  3.6729e-01,  ...,  7.3632e-02,
            2.8283e-01, -4.0933e-01],
          ...,
          [-6.2095e-01,  8.1288e-01, -6.3498e-01,  ..., -3.9000e-01,
           -8.1461e-01,  1.2089e+00],
          [ 1.1012e+00,  4.2597e-01,  6.4928e-01,  ...,  1.9329e-01,
           -1.6417e+00, -9.4815e-01],
          [ 9.5484e-01,  2.2165e-01, -4.7997e-01,  ..., -1.1611e-01,
           -6.4363e-01,  4.9202e-01]],

         [[-1.6052e+00,  8.0519e-01, -2.3731e-01,  ..., -1.0070e+00,
            3.8805e-01,  1.1069e+00],
          [ 4.0952e-01, -6.3358e-01,  1.8723e-01,  ...,  7.3526e-01,
           -5.7411e-02,  2.6983e+00],
          [ 9.4816e-01, -1.5343e-01,  8.6776e-01,  ..., -4.6830e-01,
            3.5521e-01, -3.8239e-03],
          ...,
          [ 9.2319e-02,  5.8819e-01,  9.6142e-01,  ..., -1.2425e+00,
            5.6286e-01, -2.1819e+00],
          [ 1.0857e+00,  5.8279e-01,  1.6676e+00,  ..., -1.7312e+00,
           -1.0078e+00, -1.3772e+00],
          [-1.2711e-01, -7.6639e-04,  3.0126e+00,  ...,  4.1457e-01,
            3.1889e-01, -1.4730e+00]],

         [[ 1.0927e+00,  1.0544e+00, -7.3548e-01,  ..., -1.9070e+00,
           -4.0963e-01,  7.8788e-01],
          [ 8.8295e-01,  4.7942e-01, -1.8138e+00,  ..., -5.6299e-01,
            8.1299e-01, -2.9070e-01],
          [-1.0480e-01, -1.6279e+00, -1.6827e+00,  ..., -1.2994e+00,
           -1.3189e+00, -2.2962e+00],
          ...,
          [-1.8593e-01,  2.3284e-01, -1.2437e+00,  ..., -9.8946e-01,
           -1.1833e-01,  9.2808e-01],
          [-3.4540e-01,  2.4085e+00,  1.8641e+00,  ...,  4.1531e-01,
            1.6966e+00,  6.6166e-01],
          [-5.1865e-01, -1.1840e+00,  4.5632e-01,  ...,  9.1863e-01,
            6.3398e-01,  2.7078e-01]]],


        [[[ 1.5383e+00,  5.2333e-01, -2.6573e+00,  ..., -3.8224e-01,
            1.0783e+00,  5.5110e-01],
          [ 6.2525e-01, -1.4102e+00, -4.1091e-01,  ...,  7.5398e-01,
           -2.7228e-01,  7.5218e-01],
          [-1.4347e+00, -1.8308e+00, -1.2988e+00,  ...,  9.7311e-01,
            1.3997e+00, -1.1065e+00],
          ...,
          [ 5.3600e-01, -8.6044e-01, -1.4742e+00,  ...,  9.3746e-01,
            3.2069e-01, -1.0092e+00],
          [-1.3890e+00,  9.0175e-01, -2.4088e+00,  ..., -3.7013e-01,
            6.8689e-01, -7.9854e-01],
          [ 5.1244e-01, -3.5514e-01,  9.1406e-01,  ..., -8.7658e-01,
            5.9145e-01, -1.0199e+00]],

         [[ 7.9911e-01, -1.7197e-01,  1.7280e+00,  ...,  6.8132e-01,
            9.3728e-01, -2.2686e-01],
          [-1.1493e+00, -1.2640e+00, -4.6852e-01,  ...,  1.1588e+00,
           -8.9244e-01, -4.6767e-01],
          [ 4.5748e-02, -3.3499e-01, -2.0254e+00,  ..., -4.2762e-01,
            1.1553e+00, -1.2392e+00],
          ...,
          [ 1.1117e+00,  1.4186e+00, -2.7349e-01,  ...,  9.7370e-02,
           -6.2957e-01,  3.6728e-01],
          [ 8.6411e-01,  4.8459e-01, -1.8194e+00,  ..., -2.9307e-01,
           -1.2745e+00, -1.2445e+00],
          [-2.2203e-01, -3.1244e+00,  2.7584e-01,  ..., -2.5772e-01,
            1.6505e-01, -2.5480e-01]],

         [[ 8.2461e-01,  3.1862e-01,  8.5331e-01,  ...,  1.0230e+00,
            8.2511e-01, -1.0945e-01],
          [ 1.6697e+00,  2.0772e-01, -1.2942e+00,  ...,  1.3067e+00,
            5.9737e-03,  9.0186e-01],
          [ 3.1820e-01,  1.3499e+00, -6.0294e-02,  ..., -2.5169e-01,
            9.8814e-01, -6.2176e-02],
          ...,
          [ 7.8613e-01, -1.5589e+00,  1.3213e+00,  ...,  5.4629e-01,
            6.5676e-01,  5.3652e-01],
          [ 3.5387e-01,  6.1540e-01,  8.0731e-01,  ..., -2.4766e-02,
            2.6540e-01, -5.1289e-02],
          [ 1.0847e+00,  2.0807e-01,  7.3307e-01,  ..., -1.8199e+00,
           -1.5209e+00,  7.5298e-01]],

         ...,

         [[-1.5903e+00, -8.1047e-01,  2.4557e+00,  ..., -9.5533e-01,
           -8.6275e-02, -5.1375e-01],
          [-1.7279e+00, -2.2419e+00,  7.9904e-01,  ...,  1.0225e+00,
            6.0745e-02,  1.0120e-01],
          [-9.8632e-02, -9.3924e-01, -2.1108e-01,  ..., -3.6666e-02,
            9.0360e-01, -1.3041e-01],
          ...,
          [-1.4129e-02,  9.3513e-01,  5.3366e-01,  ..., -1.4580e-02,
           -1.2813e-01,  7.7734e-01],
          [ 1.7253e+00,  5.8780e-01, -1.1068e+00,  ..., -1.4815e+00,
           -8.2510e-01,  2.8229e-01],
          [-2.6859e-01,  3.8695e-01,  1.2070e-01,  ..., -1.6967e-01,
           -1.0973e+00, -3.2061e-02]],

         [[-2.2215e+00, -2.4643e+00, -1.5859e+00,  ...,  2.4960e-01,
            7.1129e-01, -2.2990e-01],
          [-3.6741e-01,  2.5300e-01,  1.5529e-01,  ...,  8.5383e-01,
           -7.8860e-02, -5.7904e-02],
          [ 9.1992e-02, -3.7259e-01,  6.9408e-01,  ..., -2.1650e+00,
            6.3548e-01,  1.4248e-01],
          ...,
          [ 5.1229e-01,  1.1501e+00, -6.6763e-01,  ..., -2.9471e-01,
           -7.5670e-01,  6.6613e-01],
          [ 6.3662e-01,  5.4804e-01,  5.1398e-01,  ..., -3.9518e-02,
            4.0098e-01, -1.3344e+00],
          [ 7.3105e-01, -5.0895e-01, -8.7346e-01,  ..., -1.3704e+00,
           -2.0876e+00, -1.0598e+00]],

         [[ 7.8715e-01,  6.2193e-01, -5.6774e-01,  ..., -2.8187e-01,
           -5.8987e-01, -6.8688e-01],
          [-1.4441e+00,  1.2156e+00,  1.2149e+00,  ...,  4.8395e-01,
           -9.4632e-01, -2.3627e+00],
          [-6.8610e-01, -3.7989e-01,  6.6443e-01,  ...,  1.4301e+00,
           -9.2361e-01,  1.3560e-01],
          ...,
          [ 1.3830e+00, -2.0548e-01, -5.0378e-01,  ...,  1.2968e+00,
            5.2938e-01, -3.3535e-01],
          [-2.6789e-01,  3.6431e-01,  3.5686e-01,  ..., -9.7697e-01,
           -1.1926e+00,  1.3529e+00],
          [ 8.7640e-02, -1.1734e+00, -6.1729e-01,  ...,  5.5543e-01,
           -3.8135e-01,  2.1823e+00]]],


        [[[-3.2992e-01, -1.1745e+00,  3.7547e-04,  ..., -1.8211e+00,
            5.5373e-02,  4.6565e-01],
          [-3.3085e-01, -5.0660e-01,  7.8263e-01,  ...,  1.1748e+00,
            1.6101e-01, -9.9331e-01],
          [ 3.8448e-01, -1.7906e+00,  1.1376e+00,  ..., -1.2612e+00,
            8.6471e-01,  6.6177e-01],
          ...,
          [ 5.5623e-01,  1.5310e+00, -2.0374e+00,  ...,  3.6397e-01,
           -9.0532e-01, -5.1593e-01],
          [ 7.5225e-01, -1.3477e-01, -1.3770e+00,  ..., -1.6865e-01,
            1.8698e+00, -3.1274e-01],
          [-1.0037e+00,  6.0680e-01, -9.9510e-01,  ...,  7.5399e-01,
           -8.1538e-01,  9.0199e-01]],

         [[ 1.3312e+00, -1.1293e+00, -3.5820e-01,  ...,  6.0788e-01,
            1.5902e-01, -1.7598e+00],
          [ 2.3965e-01, -2.1442e+00,  1.0052e+00,  ..., -2.6717e-01,
           -1.9163e+00,  9.0537e-01],
          [-5.4967e-01,  1.1590e+00,  3.8042e-01,  ...,  7.5625e-01,
            1.2117e+00,  1.1522e-01],
          ...,
          [-5.3042e-01,  6.0944e-01,  4.4080e-01,  ...,  1.2408e-01,
            1.6353e+00, -5.3674e-01],
          [-4.9596e-01,  1.5453e+00,  4.8407e-01,  ...,  7.2948e-02,
            8.5692e-01,  2.4039e-01],
          [ 8.6865e-01, -7.8800e-01,  1.9218e-01,  ..., -1.9231e-02,
           -1.5413e+00, -1.1032e+00]],

         [[-9.5414e-02, -8.2000e-01, -6.8580e-01,  ..., -2.8162e-01,
           -2.6550e-01, -9.0968e-01],
          [-1.6565e+00,  8.4689e-01, -1.9729e-01,  ...,  1.7934e+00,
           -8.2566e-02, -2.8388e-02],
          [ 6.5491e-01,  2.0834e-01,  6.4490e-01,  ..., -7.6994e-02,
           -2.9852e-01, -8.1262e-01],
          ...,
          [-4.3322e-02,  1.5092e+00, -4.7034e-01,  ...,  5.0601e-01,
            1.0200e+00, -1.2896e+00],
          [ 4.1283e-01,  2.7215e-01,  6.2108e-02,  ...,  5.8294e-02,
            2.2747e+00,  6.4505e-01],
          [ 1.7991e+00,  5.0109e-01, -2.0006e+00,  ..., -8.1124e-01,
            1.2835e+00, -1.2336e+00]],

         ...,

         [[-1.8213e+00, -9.8461e-01,  8.7530e-01,  ...,  8.4934e-01,
           -6.6109e-01,  1.5822e+00],
          [-1.0159e+00,  2.1564e+00, -1.9896e-01,  ...,  1.1147e+00,
           -6.4486e-01, -1.7846e-01],
          [-4.5417e-01, -5.5289e-01,  6.6145e-01,  ..., -1.1114e-01,
           -7.1468e-01,  1.9463e-01],
          ...,
          [ 1.8640e-01, -8.4780e-01,  1.8924e+00,  ..., -1.3199e+00,
           -9.2711e-01, -7.8706e-02],
          [ 1.6484e+00,  9.4684e-01, -4.4589e-01,  ...,  1.1482e+00,
           -2.7719e+00, -3.2820e-01],
          [-1.6505e+00,  6.1115e-01,  1.2138e+00,  ..., -2.2241e+00,
            7.4510e-01,  1.5914e+00]],

         [[-3.8049e-01, -2.9038e-01, -1.2326e+00,  ...,  1.1890e+00,
           -8.9216e-01,  4.2449e-01],
          [-4.6864e-01,  1.6879e-02,  1.3545e-02,  ...,  1.1727e-01,
            7.4795e-01,  7.2629e-01],
          [ 1.8464e+00, -2.8168e-01,  1.4287e+00,  ...,  4.3560e-01,
            8.2610e-01, -1.4828e+00],
          ...,
          [ 1.7206e+00,  5.1430e-01, -1.7984e-01,  ..., -1.5078e+00,
           -2.8453e-01, -1.0492e+00],
          [-6.4999e-01,  5.4378e-01, -1.4206e-01,  ..., -7.1907e-01,
            3.7380e-01, -1.1549e+00],
          [-6.1338e-01,  1.4124e+00,  1.3194e+00,  ..., -4.1491e-01,
            5.7442e-01,  7.3878e-01]],

         [[-1.5906e+00,  1.8026e+00, -1.3414e+00,  ...,  8.3780e-01,
           -9.1714e-01, -4.8899e-01],
          [-6.3145e-01, -8.4949e-01, -3.0103e-01,  ..., -1.5433e+00,
           -8.2252e-03,  1.5573e-01],
          [-1.4739e+00, -1.2954e+00, -6.7082e-01,  ..., -4.0155e-03,
           -1.2794e+00, -4.3206e-01],
          ...,
          [ 8.2174e-02,  2.8298e-01, -3.0190e-01,  ...,  2.6615e-01,
           -2.7991e-01,  4.7516e-02],
          [-2.2291e+00,  1.5488e+00, -9.2197e-01,  ..., -1.7888e+00,
            1.7022e+00, -1.3335e+00],
          [ 2.0323e-01, -6.3154e-01, -7.5829e-01,  ..., -7.3587e-02,
           -1.8061e+00,  1.0218e+00]]],


        ...,


        [[[ 1.3341e-01, -2.7760e-02,  5.2074e-02,  ..., -2.9630e-02,
           -5.2305e-01, -3.9908e-01],
          [ 8.5948e-01,  7.8481e-01, -1.0768e+00,  ...,  9.4130e-01,
            5.2717e-01,  2.1974e-01],
          [-3.5408e-01, -2.5053e-01, -9.8656e-01,  ..., -3.4330e-02,
           -3.2991e-01, -1.2163e-01],
          ...,
          [-1.6153e-01,  1.5773e+00,  6.7328e-01,  ..., -7.4358e-01,
            6.6882e-01,  2.8155e-01],
          [-1.3744e+00, -1.2910e+00,  8.9522e-01,  ..., -6.3864e-01,
           -1.3899e+00, -1.3639e-01],
          [-5.6022e-01, -2.9339e-01, -6.2380e-01,  ..., -1.6000e-01,
            1.0787e+00, -4.3933e-01]],

         [[ 2.4768e-01, -2.4860e-01,  1.7552e+00,  ..., -1.7812e+00,
            1.7380e+00, -5.9290e-01],
          [-9.6385e-02, -2.0651e+00,  1.2376e+00,  ...,  3.7048e-01,
            2.6256e-01, -1.9150e+00],
          [ 4.5720e-02, -3.1724e-01,  3.0494e-01,  ...,  1.4430e-01,
           -5.9140e-01, -5.6507e-01],
          ...,
          [ 8.3343e-01, -4.1190e-02,  3.7856e-01,  ...,  1.2418e+00,
           -3.1180e+00, -3.9990e-01],
          [-4.7226e-01,  2.5853e+00,  1.2316e+00,  ..., -2.3665e-01,
            7.6285e-02, -3.7261e-01],
          [-4.4817e-01,  2.5616e-01,  3.7002e-01,  ...,  1.0261e+00,
           -1.7772e-01, -1.0517e+00]],

         [[ 1.0539e+00, -1.7672e+00, -3.6294e-02,  ..., -7.2359e-01,
            1.1865e+00, -6.3359e-01],
          [ 3.2439e-01,  2.2836e+00, -2.1473e+00,  ...,  8.8700e-01,
            1.4205e-01,  3.9024e-01],
          [ 1.8822e+00,  1.2542e+00,  7.5699e-01,  ..., -1.5283e+00,
           -1.4249e+00, -1.5443e+00],
          ...,
          [-6.9832e-01, -1.5711e+00, -2.4751e+00,  ..., -1.9428e-01,
            8.4375e-01, -1.9780e-01],
          [ 6.1552e-01,  7.4166e-01,  5.8730e-01,  ...,  2.0617e+00,
           -4.6064e-01,  7.2045e-02],
          [ 1.7295e-01,  1.5490e+00,  5.8548e-01,  ...,  3.1243e-01,
            4.0168e-01,  1.4562e+00]],

         ...,

         [[ 8.9660e-02,  1.1295e+00,  7.9062e-01,  ..., -5.4348e-02,
            7.9364e-01,  8.3190e-01],
          [ 8.3154e-01, -6.6425e-02, -1.1760e+00,  ..., -1.4412e-01,
           -7.5552e-01,  3.1966e-01],
          [ 7.4425e-01, -4.0082e-01, -2.4942e-01,  ..., -1.2904e-01,
            5.4119e-01, -1.1084e+00],
          ...,
          [ 1.7979e+00,  1.1896e-01, -6.3507e-01,  ...,  1.3633e-01,
           -6.2561e-01,  3.8355e-01],
          [ 3.7020e-01, -5.3456e-01, -8.0673e-01,  ...,  1.1370e+00,
           -9.6904e-01, -5.4308e-01],
          [-1.1240e+00,  1.0076e-01,  3.0870e-01,  ..., -7.9424e-01,
           -2.5344e+00,  7.9489e-01]],

         [[-1.7394e+00, -4.6930e-01, -4.0526e-02,  ...,  4.0287e-01,
            1.1080e+00, -3.9187e-01],
          [-7.6591e-01,  5.8093e-01,  1.2713e+00,  ..., -9.4255e-02,
            2.2729e-01,  2.9723e-01],
          [-2.8320e-02,  3.7282e-01, -1.1467e+00,  ..., -1.7176e-01,
           -1.6744e-01,  3.1236e-01],
          ...,
          [-2.8601e-01, -7.4173e-01, -8.1772e-01,  ..., -1.3182e+00,
            6.4533e-01, -1.2112e+00],
          [-1.1823e-01, -5.7043e-01, -1.2318e+00,  ...,  1.7033e+00,
            6.9305e-01, -2.0802e+00],
          [ 9.5170e-02, -1.3610e+00, -3.9729e-02,  ..., -3.0199e+00,
            1.0050e-01, -7.1645e-02]],

         [[-6.7408e-01,  2.4405e-01, -1.3801e+00,  ..., -1.7891e-01,
            2.7153e+00, -1.0483e+00],
          [ 1.2465e+00, -2.7306e-02,  4.8218e-01,  ...,  7.9269e-01,
           -4.1492e-01, -2.3090e-03],
          [ 7.8260e-01, -5.6211e-01, -1.6440e+00,  ...,  2.4240e-01,
           -8.1348e-01, -1.5517e-01],
          ...,
          [-1.8713e+00,  7.7036e-01,  1.0387e+00,  ...,  1.8313e+00,
            1.8312e-01, -7.6747e-01],
          [ 1.7409e+00,  1.5088e+00, -9.1535e-01,  ..., -1.0278e+00,
            1.7684e+00, -7.4218e-01],
          [ 1.4892e-01, -3.8022e-01, -3.6090e-02,  ...,  3.4821e-01,
           -5.7246e-02, -1.0501e-01]]],


        [[[-8.6024e-01, -1.2627e+00,  1.9291e-01,  ..., -9.0157e-01,
            6.0230e-01, -1.0751e+00],
          [ 8.1707e-01,  8.5489e-01,  1.3864e-02,  ..., -3.0500e-01,
           -6.5914e-01,  2.4608e+00],
          [ 4.2447e-01, -3.4884e-01, -4.2443e-01,  ...,  9.6121e-02,
            6.0641e-01, -5.2925e-01],
          ...,
          [ 1.6321e-01, -1.2433e+00,  2.1662e-01,  ...,  1.4782e+00,
            5.5503e-01,  4.2499e-01],
          [-2.4954e-01, -1.4698e+00, -3.7227e-02,  ..., -1.3794e-01,
           -1.8410e-01, -7.6800e-01],
          [ 1.3091e+00, -4.1670e-01, -1.1094e+00,  ..., -8.7026e-01,
            9.4959e-01, -2.4215e-01]],

         [[-7.7204e-01, -1.0157e+00, -1.0217e+00,  ..., -1.6515e+00,
            4.7494e-01, -6.2810e-01],
          [ 7.7349e-01, -9.8427e-01,  4.8047e-01,  ..., -1.3895e+00,
           -2.3274e-01,  1.0498e+00],
          [ 5.1098e-01, -2.8555e-01,  1.2671e+00,  ..., -1.9692e-01,
           -5.8339e-01, -2.8227e-01],
          ...,
          [-1.0716e+00,  1.7026e-01, -2.1860e-01,  ..., -4.1939e-01,
           -4.0912e-01, -2.8649e-01],
          [-1.1899e-01, -5.3003e-01,  3.8333e-01,  ...,  6.0258e-01,
            5.7412e-01, -3.1567e-01],
          [-3.7661e-02,  5.2993e-01,  2.9325e-01,  ...,  1.2015e+00,
            2.3594e-01,  1.6014e+00]],

         [[-5.3060e-01,  2.8332e-01,  6.2303e-01,  ...,  7.9398e-01,
            1.0406e+00,  5.5584e-01],
          [ 1.2595e-01,  1.1521e+00,  6.1559e-01,  ..., -5.1845e-01,
            3.2454e-02,  7.9915e-02],
          [ 5.0822e-02,  3.0751e-02, -5.9219e-01,  ...,  2.4905e-01,
           -8.2019e-01,  6.4124e-01],
          ...,
          [-1.0999e-01,  1.7544e+00,  9.7060e-01,  ..., -1.0753e+00,
            8.9668e-01,  5.5733e-01],
          [-1.9257e-01, -5.5999e-01, -1.2079e+00,  ...,  2.7174e+00,
            7.2936e-01, -1.0861e+00],
          [-1.2128e+00, -6.5704e-02,  6.9771e-01,  ...,  8.4228e-01,
           -4.1934e-01,  6.7072e-01]],

         ...,

         [[-3.0841e-02, -1.2805e+00, -5.6904e-01,  ...,  2.4904e-01,
            4.8461e-01,  1.5327e+00],
          [ 1.2353e+00,  4.8713e-01, -4.6177e-01,  ..., -8.6464e-01,
           -6.5543e-01, -1.4783e+00],
          [-8.2276e-01,  1.9848e-01, -1.2674e-01,  ...,  8.9360e-01,
            4.6506e-01,  8.9789e-01],
          ...,
          [ 1.2148e+00,  1.2352e+00,  1.2537e+00,  ..., -8.0634e-01,
           -1.0766e+00, -1.0064e+00],
          [-1.9187e+00,  2.5787e-01, -7.1564e-01,  ...,  4.1025e-01,
            1.5614e-01, -4.6881e-01],
          [ 1.4595e+00, -2.5942e-01, -2.0354e-01,  ..., -6.1000e-01,
           -8.8755e-01,  5.2993e-01]],

         [[-3.1355e-01, -5.4385e-01, -7.7644e-01,  ...,  6.6057e-01,
            2.7495e-01,  4.0328e-01],
          [ 1.9250e-03,  2.9427e+00, -1.2531e+00,  ..., -1.9033e-01,
            1.0475e+00, -4.0269e-01],
          [-8.2778e-01,  8.2984e-02,  1.6909e-01,  ...,  1.1209e+00,
           -7.5414e-02, -2.0560e+00],
          ...,
          [ 5.9733e-01,  1.0411e+00, -1.1294e-01,  ..., -1.4666e+00,
            1.3879e+00,  1.6741e+00],
          [-1.1181e+00, -1.2744e-01,  2.0034e-01,  ...,  2.1383e-01,
           -5.9437e-01, -8.5826e-01],
          [-1.8673e-01,  8.3980e-02,  8.7942e-01,  ...,  5.3983e-01,
           -5.9518e-02, -7.7742e-01]],

         [[-3.7530e-01, -8.4098e-01,  1.1335e+00,  ..., -4.7299e-01,
            8.7905e-01, -1.2376e+00],
          [-8.6923e-02, -1.9318e+00, -6.4573e-01,  ..., -1.4507e+00,
           -9.7392e-01,  1.4153e+00],
          [-1.1339e+00, -4.6482e-01,  1.1470e+00,  ..., -2.2574e+00,
            1.7184e+00,  1.1992e+00],
          ...,
          [ 1.1521e-01, -6.2830e-01, -1.3854e+00,  ..., -7.2948e-01,
           -1.3800e+00,  4.1236e-02],
          [-1.0285e+00, -2.4032e+00, -7.6962e-01,  ..., -4.7963e-01,
            6.9251e-01,  1.3904e+00],
          [-2.5729e-01, -5.1155e-01, -5.1195e-02,  ...,  8.6635e-01,
           -5.1688e-01, -4.1383e-01]]],


        [[[ 1.7923e+00, -9.7624e-02,  1.3290e+00,  ...,  1.8081e+00,
           -5.9598e-01,  1.3442e+00],
          [ 4.3266e-01,  2.6919e-01,  1.3192e-01,  ..., -1.1576e-02,
           -9.7047e-01, -8.5020e-01],
          [-3.1598e-01,  1.0460e+00,  7.1299e-01,  ..., -5.5162e-01,
           -1.0104e+00,  1.4248e+00],
          ...,
          [-3.5304e+00, -3.4449e-01, -9.4509e-01,  ..., -1.1434e+00,
           -1.8615e+00, -1.0904e+00],
          [-1.8893e+00,  1.0266e+00,  2.3106e-01,  ...,  1.8183e-01,
           -3.8264e-01,  9.0244e-01],
          [-1.9081e+00,  6.9103e-01, -3.2222e-01,  ..., -4.0476e-01,
            8.8003e-01, -4.4071e-01]],

         [[-7.1317e-01,  1.0165e+00, -5.9526e-01,  ...,  1.0009e+00,
            1.2451e+00,  2.6349e-01],
          [-7.0388e-01, -1.8598e-01,  1.0946e+00,  ...,  8.7755e-01,
            8.4251e-01, -8.8654e-01],
          [ 1.0204e+00,  8.2523e-01,  2.4224e+00,  ...,  8.8487e-01,
           -6.2311e-01,  5.2254e-01],
          ...,
          [ 3.9324e-01, -9.4342e-01, -9.6582e-01,  ...,  1.4935e+00,
            5.4514e-01, -9.1495e-01],
          [-1.4646e+00,  1.0581e+00, -3.8686e-01,  ...,  1.1677e+00,
            1.3633e+00, -4.3110e-01],
          [ 3.6817e-01, -4.9159e-01, -7.0029e-01,  ...,  7.2174e-01,
            1.4569e+00,  9.8788e-01]],

         [[ 1.4397e-01,  1.9112e+00, -2.9571e-01,  ..., -1.1596e+00,
           -4.8425e-01, -9.8097e-01],
          [-6.2667e-01,  2.1758e+00, -5.5685e-01,  ...,  1.7926e+00,
           -1.1801e+00,  4.5111e-01],
          [ 2.8088e+00,  1.0093e+00,  1.3527e+00,  ...,  8.6220e-01,
            3.4688e-01, -1.6383e-01],
          ...,
          [ 3.3048e-01,  9.0870e-01,  3.2635e-01,  ..., -3.2279e-01,
            2.7248e+00,  1.1795e+00],
          [-3.2776e-01, -1.7481e+00,  9.7314e-01,  ...,  3.1318e-01,
            8.9325e-01, -7.7554e-01],
          [-3.5460e-02, -1.1363e+00,  1.5419e+00,  ...,  1.1555e-01,
            1.0843e+00,  3.2596e-01]],

         ...,

         [[ 6.7242e-01, -1.8712e+00,  2.1410e-01,  ...,  6.2163e-01,
           -9.1946e-01, -8.0233e-02],
          [ 2.8409e+00, -2.5677e-01, -1.7050e-01,  ...,  2.9570e-01,
            1.9280e-01,  2.7728e-01],
          [ 9.0720e-02, -5.6151e-01,  1.2983e+00,  ..., -3.9195e-01,
            1.9352e-02,  2.2449e+00],
          ...,
          [ 1.6761e+00,  8.3875e-01, -6.0585e-01,  ..., -2.0216e-01,
           -2.1542e-01, -1.7294e-01],
          [ 2.0277e+00, -1.4523e+00,  1.0584e+00,  ...,  1.4943e+00,
           -1.9972e-02,  4.5048e-01],
          [ 7.3435e-01, -8.2456e-01, -1.2000e+00,  ..., -2.8045e-01,
            1.2669e+00,  5.9130e-01]],

         [[ 3.7178e-01, -1.0600e-01,  9.5341e-01,  ..., -1.1407e+00,
            6.8895e-01,  4.0371e-01],
          [-1.9147e-01,  3.8617e-01,  4.7152e-01,  ..., -1.2022e+00,
           -5.5578e-01,  1.1408e+00],
          [-9.9439e-01, -5.3333e-01, -3.7041e-01,  ..., -3.1815e-01,
           -2.8297e-01, -5.0682e-01],
          ...,
          [-1.2349e+00,  1.0846e+00, -8.0477e-01,  ...,  2.9949e-01,
           -4.1419e-01, -2.1365e-01],
          [-7.2814e-01,  1.7282e+00, -1.4419e+00,  ...,  5.1970e-01,
            5.7010e-01,  3.2358e-01],
          [ 9.1917e-01,  1.0208e+00, -4.7702e-01,  ..., -1.0108e+00,
           -6.3925e-01, -2.0504e+00]],

         [[-8.3957e-02,  9.3516e-01, -7.2395e-01,  ..., -2.6995e-01,
            1.1355e+00,  6.9109e-01],
          [ 3.3129e-01,  1.1803e+00,  1.4675e+00,  ...,  3.9283e-01,
           -2.3623e-01, -7.1098e-01],
          [-1.2315e+00,  1.5341e+00,  1.1373e+00,  ...,  1.4272e+00,
            5.1994e-01, -1.2163e+00],
          ...,
          [-1.2876e+00,  2.5604e+00,  7.6587e-01,  ..., -7.8438e-02,
           -1.9671e+00,  2.3173e-02],
          [ 3.4294e-01, -8.9583e-01,  8.4560e-01,  ..., -1.2611e+00,
            2.5112e-01, -2.8131e-01],
          [-1.1721e+00, -9.2545e-01,  2.3016e-01,  ..., -1.5142e+00,
           -9.5624e-01, -6.5291e-01]]]], device='cuda:0', dtype=torch.float64,
       requires_grad=True)
bias: Parameter containing:
tensor([-3.4842e-01,  1.0635e+00,  1.3245e+00, -1.1690e-01,  3.4172e-01,
         1.0660e+00, -5.2388e-01, -7.5267e-01,  1.6723e-01,  9.9517e-01,
        -1.4909e-01,  5.7070e-01,  1.3649e+00, -3.8457e-02, -1.0497e-01,
         1.8577e+00,  1.5954e+00,  1.5333e-01,  3.8373e-01, -1.2071e+00,
         7.1763e-01, -2.7671e-01, -7.1729e-01,  2.9557e-01,  5.7465e-01,
        -1.2408e+00,  1.6067e-01,  2.5851e-01, -1.0860e+00,  2.1743e+00,
         1.1143e-01,  1.1306e+00,  1.1616e+00,  1.4100e+00,  1.6463e+00,
         3.5122e-01, -1.2717e+00,  2.5879e-01, -4.4494e-01, -1.9133e-01,
         8.4835e-01, -2.3092e+00, -1.2645e+00,  8.6111e-01, -5.0051e-01,
        -1.5981e+00, -8.5826e-01, -3.6981e-01, -7.7047e-01,  1.3874e-02,
        -1.1756e+00, -1.1624e+00, -2.3132e+00, -5.5957e-01, -1.6219e-02,
         1.7802e+00,  1.5444e+00,  5.4231e-01, -3.2266e-01,  7.6841e-01,
        -1.5176e-01,  1.6243e+00, -1.2025e+00, -5.2354e-01,  1.6522e+00,
         1.1440e+00, -7.1168e-03, -2.9479e-01, -4.1615e-01, -1.2492e+00,
        -4.3718e-01,  1.5446e+00,  1.4168e+00, -1.3501e+00,  1.5375e+00,
        -6.4396e-01, -6.8053e-01,  7.5207e-01, -5.6754e-02, -4.7607e-01,
         1.0025e+00,  2.3749e-01, -1.6043e-01,  9.1049e-01,  1.0508e+00,
        -1.0472e-01, -1.2244e-01,  1.1863e+00, -4.2779e-01,  1.2397e+00,
         7.1814e-01,  1.3130e+00,  1.5952e+00, -1.7514e-01, -1.0103e-02,
        -9.0284e-01, -3.9895e-01,  1.2778e-01, -2.6316e-01,  3.3573e+00,
         8.6659e-01, -1.1447e+00,  3.4759e-01, -9.9995e-01, -7.8468e-01,
        -5.5797e-01,  8.7644e-02, -1.9607e+00,  1.7367e+00,  6.8152e-02,
         2.1053e-01,  1.5930e+00, -3.9917e-01,  6.8409e-01,  6.4321e-01,
        -4.5015e-01, -1.7478e+00,  9.0495e-01,  7.1942e-01, -1.2924e+00,
         1.2350e+00, -2.1551e-01,  1.4287e+00, -4.6529e-01, -2.0141e+00,
         6.8685e-01,  1.4209e+00, -4.0976e-01,  1.8225e+00,  2.6973e-01,
         2.0359e+00,  1.4584e+00,  6.1948e-01, -6.6626e-01,  6.3184e-01,
         4.3204e-01,  1.3646e-01, -6.4557e-01, -1.6449e-01,  6.3091e-01,
        -2.7697e-01,  3.0414e-01,  7.5456e-01, -4.8359e-04, -7.9028e-01,
         3.7271e-01,  1.3054e+00,  2.2292e-01, -9.2854e-01,  1.7598e-01,
         1.0311e-01,  9.7957e-01,  8.5030e-01, -4.4964e-01,  7.9017e-01,
         3.5902e-01,  1.7968e+00, -1.0247e+00, -3.7881e-01,  7.8913e-02,
        -2.8426e+00, -1.4010e+00, -4.0028e-01, -2.2584e+00,  9.3885e-02,
        -1.2620e-01,  3.5930e-01,  1.3505e-01,  2.6459e-01,  4.2675e-01,
        -1.2295e-01,  7.4697e-01, -1.3408e+00, -3.3325e-01,  3.5225e-01,
         1.0387e+00,  2.6531e-01, -1.5387e+00, -6.1737e-01,  1.9209e-02,
        -6.3646e-01,  3.7251e-01, -5.3657e-02, -5.4449e-01, -5.6206e-01,
        -7.9384e-01, -6.0224e-01,  6.2301e-01,  1.4700e+00,  1.0024e+00,
        -9.3669e-03,  8.7344e-01,  5.1167e-01, -9.7219e-01, -6.8145e-01,
         9.1052e-01, -9.9411e-01,  4.9120e-01,  1.2609e+00,  3.7612e+00,
         1.2575e-01,  1.2598e+00, -1.1300e+00, -9.4526e-01,  1.3008e-01,
        -6.5983e-01, -7.2987e-01,  7.5392e-01, -1.8935e+00,  1.1599e+00,
         1.2777e-01,  4.3130e-01, -2.2718e+00, -1.8598e-01,  2.0325e+00,
         2.1796e+00,  6.5353e-01, -1.0198e+00, -7.0554e-02, -2.8644e-01,
        -5.4607e-01,  1.0332e+00, -2.5460e-01, -1.3544e+00,  3.1579e+00,
         1.1095e-01,  7.5444e-01,  4.4885e-01, -5.6816e-01,  9.2802e-03,
         1.2260e+00,  2.3109e+00,  8.1142e-01,  1.8565e+00, -1.7756e-01,
         1.4850e+00, -3.3788e-01,  8.5908e-01,  2.4376e-01, -1.1428e+00,
        -1.1076e+00, -1.0097e+00,  9.5122e-02,  1.3845e+00, -4.8743e-01,
         3.1667e-01,  1.2729e+00, -2.7602e-02,  2.0271e-01,  7.6479e-01,
        -2.7468e-02, -7.9698e-02, -2.1575e+00,  5.1417e-01,  8.3219e-01,
        -4.0655e-01], device='cuda:0', dtype=torch.float64, requires_grad=True)
int_tensor tensor([[[[-203486, -203486, -203486,  ..., -203486, -203486, -203486],
          [-203486, -203486, -203486,  ..., -203486, -203486, -203486],
          [-203486, -203486, -203486,  ..., -203486, -203486, -203486],
          ...,
          [-203486, -203486, -203486,  ..., -203486, -203486, -203486],
          [-203486, -203486, -203486,  ..., -203486, -203486, -203486],
          [-203486, -203486, -203486,  ..., -203486, -203486, -203486]],

         [[-749475, -749475, -749475,  ..., -749475, -749475, -749475],
          [-749475, -749475, -749475,  ..., -749475, -749475, -749475],
          [-749475, -749475, -749475,  ..., -749475, -749475, -749475],
          ...,
          [-749475, -749475, -749475,  ..., -749475, -749475, -749475],
          [-749475, -749475, -749475,  ..., -749475, -749475, -749475],
          [-749475, -749475, -749475,  ..., -749475, -749475, -749475]],

         [[-371686, -371686, -371686,  ..., -371686, -371686, -371686],
          [-371686, -371686, -371686,  ..., -371686, -371686, -371686],
          [-371686, -371686, -371686,  ..., -371686, -371686, -371686],
          ...,
          [-371686, -371686, -371686,  ..., -371686, -371686, -371686],
          [-371686, -371686, -371686,  ..., -371686, -371686, -371686],
          [-371686, -371686, -371686,  ..., -371686, -371686, -371686]],

         ...,

         [[ 347321,  347321,  347321,  ...,  347321,  347321,  347321],
          [ 347321,  347321,  347321,  ...,  347321,  347321,  347321],
          [ 347321,  347321,  347321,  ...,  347321,  347321,  347321],
          ...,
          [ 347321,  347321,  347321,  ...,  347321,  347321,  347321],
          [ 347321,  347321,  347321,  ...,  347321,  347321,  347321],
          [ 347321,  347321,  347321,  ...,  347321,  347321,  347321]],

         [[ 972400,  972400,  972400,  ...,  972400,  972400,  972400],
          [ 972400,  972400,  972400,  ...,  972400,  972400,  972400],
          [ 972400,  972400,  972400,  ...,  972400,  972400,  972400],
          ...,
          [ 972400,  972400,  972400,  ...,  972400,  972400,  972400],
          [ 972400,  972400,  972400,  ...,  972400,  972400,  972400],
          [ 972400,  972400,  972400,  ...,  972400,  972400,  972400]],

         [[-581674, -581674, -581674,  ..., -581674, -581674, -581674],
          [-581674, -581674, -581674,  ..., -581674, -581674, -581674],
          [-581674, -581674, -581674,  ..., -581674, -581674, -581674],
          ...,
          [-581674, -581674, -581674,  ..., -581674, -581674, -581674],
          [-581674, -581674, -581674,  ..., -581674, -581674, -581674],
          [-581674, -581674, -581674,  ..., -581674, -581674, -581674]]]],
       device='cuda:0')
truncated inttensor: tensor([[[[-1590, -1590, -1590,  ..., -1590, -1590, -1590],
          [-1590, -1590, -1590,  ..., -1590, -1590, -1590],
          [-1590, -1590, -1590,  ..., -1590, -1590, -1590],
          ...,
          [-1590, -1590, -1590,  ..., -1590, -1590, -1590],
          [-1590, -1590, -1590,  ..., -1590, -1590, -1590],
          [-1590, -1590, -1590,  ..., -1590, -1590, -1590]],

         [[-5856, -5856, -5856,  ..., -5856, -5856, -5856],
          [-5856, -5856, -5856,  ..., -5856, -5856, -5856],
          [-5856, -5856, -5856,  ..., -5856, -5856, -5856],
          ...,
          [-5856, -5856, -5856,  ..., -5856, -5856, -5856],
          [-5856, -5856, -5856,  ..., -5856, -5856, -5856],
          [-5856, -5856, -5856,  ..., -5856, -5856, -5856]],

         [[-2904, -2904, -2904,  ..., -2904, -2904, -2904],
          [-2904, -2904, -2904,  ..., -2904, -2904, -2904],
          [-2904, -2904, -2904,  ..., -2904, -2904, -2904],
          ...,
          [-2904, -2904, -2904,  ..., -2904, -2904, -2904],
          [-2904, -2904, -2904,  ..., -2904, -2904, -2904],
          [-2904, -2904, -2904,  ..., -2904, -2904, -2904]],

         ...,

         [[ 2713,  2713,  2713,  ...,  2713,  2713,  2713],
          [ 2713,  2713,  2713,  ...,  2713,  2713,  2713],
          [ 2713,  2713,  2713,  ...,  2713,  2713,  2713],
          ...,
          [ 2713,  2713,  2713,  ...,  2713,  2713,  2713],
          [ 2713,  2713,  2713,  ...,  2713,  2713,  2713],
          [ 2713,  2713,  2713,  ...,  2713,  2713,  2713]],

         [[ 7596,  7596,  7596,  ...,  7596,  7596,  7596],
          [ 7596,  7596,  7596,  ...,  7596,  7596,  7596],
          [ 7596,  7596,  7596,  ...,  7596,  7596,  7596],
          ...,
          [ 7596,  7596,  7596,  ...,  7596,  7596,  7596],
          [ 7596,  7596,  7596,  ...,  7596,  7596,  7596],
          [ 7596,  7596,  7596,  ...,  7596,  7596,  7596]],

         [[-4545, -4545, -4545,  ..., -4545, -4545, -4545],
          [-4545, -4545, -4545,  ..., -4545, -4545, -4545],
          [-4545, -4545, -4545,  ..., -4545, -4545, -4545],
          ...,
          [-4545, -4545, -4545,  ..., -4545, -4545, -4545],
          [-4545, -4545, -4545,  ..., -4545, -4545, -4545],
          [-4545, -4545, -4545,  ..., -4545, -4545, -4545]]]], device='cuda:0')
tensor([[[[-12.4219, -12.4219, -12.4219,  ..., -12.4219, -12.4219, -12.4219],
          [-12.4219, -12.4219, -12.4219,  ..., -12.4219, -12.4219, -12.4219],
          [-12.4219, -12.4219, -12.4219,  ..., -12.4219, -12.4219, -12.4219],
          ...,
          [-12.4219, -12.4219, -12.4219,  ..., -12.4219, -12.4219, -12.4219],
          [-12.4219, -12.4219, -12.4219,  ..., -12.4219, -12.4219, -12.4219],
          [-12.4219, -12.4219, -12.4219,  ..., -12.4219, -12.4219, -12.4219]],

         [[-45.7500, -45.7500, -45.7500,  ..., -45.7500, -45.7500, -45.7500],
          [-45.7500, -45.7500, -45.7500,  ..., -45.7500, -45.7500, -45.7500],
          [-45.7500, -45.7500, -45.7500,  ..., -45.7500, -45.7500, -45.7500],
          ...,
          [-45.7500, -45.7500, -45.7500,  ..., -45.7500, -45.7500, -45.7500],
          [-45.7500, -45.7500, -45.7500,  ..., -45.7500, -45.7500, -45.7500],
          [-45.7500, -45.7500, -45.7500,  ..., -45.7500, -45.7500, -45.7500]],

         [[-22.6875, -22.6875, -22.6875,  ..., -22.6875, -22.6875, -22.6875],
          [-22.6875, -22.6875, -22.6875,  ..., -22.6875, -22.6875, -22.6875],
          [-22.6875, -22.6875, -22.6875,  ..., -22.6875, -22.6875, -22.6875],
          ...,
          [-22.6875, -22.6875, -22.6875,  ..., -22.6875, -22.6875, -22.6875],
          [-22.6875, -22.6875, -22.6875,  ..., -22.6875, -22.6875, -22.6875],
          [-22.6875, -22.6875, -22.6875,  ..., -22.6875, -22.6875, -22.6875]],

         ...,

         [[ 21.1953,  21.1953,  21.1953,  ...,  21.1953,  21.1953,  21.1953],
          [ 21.1953,  21.1953,  21.1953,  ...,  21.1953,  21.1953,  21.1953],
          [ 21.1953,  21.1953,  21.1953,  ...,  21.1953,  21.1953,  21.1953],
          ...,
          [ 21.1953,  21.1953,  21.1953,  ...,  21.1953,  21.1953,  21.1953],
          [ 21.1953,  21.1953,  21.1953,  ...,  21.1953,  21.1953,  21.1953],
          [ 21.1953,  21.1953,  21.1953,  ...,  21.1953,  21.1953,  21.1953]],

         [[ 59.3438,  59.3438,  59.3438,  ...,  59.3438,  59.3438,  59.3438],
          [ 59.3438,  59.3438,  59.3438,  ...,  59.3438,  59.3438,  59.3438],
          [ 59.3438,  59.3438,  59.3438,  ...,  59.3438,  59.3438,  59.3438],
          ...,
          [ 59.3438,  59.3438,  59.3438,  ...,  59.3438,  59.3438,  59.3438],
          [ 59.3438,  59.3438,  59.3438,  ...,  59.3438,  59.3438,  59.3438],
          [ 59.3438,  59.3438,  59.3438,  ...,  59.3438,  59.3438,  59.3438]],

         [[-35.5078, -35.5078, -35.5078,  ..., -35.5078, -35.5078, -35.5078],
          [-35.5078, -35.5078, -35.5078,  ..., -35.5078, -35.5078, -35.5078],
          [-35.5078, -35.5078, -35.5078,  ..., -35.5078, -35.5078, -35.5078],
          ...,
          [-35.5078, -35.5078, -35.5078,  ..., -35.5078, -35.5078, -35.5078],
          [-35.5078, -35.5078, -35.5078,  ..., -35.5078, -35.5078, -35.5078],
          [-35.5078, -35.5078, -35.5078,  ..., -35.5078, -35.5078, -35.5078]]]],
       device='cuda:0', dtype=torch.float64)
=== BatchNorm2dQ forward called ===
conv2d info (float format):
inputs: tensor([[[[-12.4219, -12.4219, -12.4219,  ..., -12.4219, -12.4219, -12.4219],
          [-12.4219, -12.4219, -12.4219,  ..., -12.4219, -12.4219, -12.4219],
          [-12.4219, -12.4219, -12.4219,  ..., -12.4219, -12.4219, -12.4219],
          ...,
          [-12.4219, -12.4219, -12.4219,  ..., -12.4219, -12.4219, -12.4219],
          [-12.4219, -12.4219, -12.4219,  ..., -12.4219, -12.4219, -12.4219],
          [-12.4219, -12.4219, -12.4219,  ..., -12.4219, -12.4219, -12.4219]],

         [[-45.7500, -45.7500, -45.7500,  ..., -45.7500, -45.7500, -45.7500],
          [-45.7500, -45.7500, -45.7500,  ..., -45.7500, -45.7500, -45.7500],
          [-45.7500, -45.7500, -45.7500,  ..., -45.7500, -45.7500, -45.7500],
          ...,
          [-45.7500, -45.7500, -45.7500,  ..., -45.7500, -45.7500, -45.7500],
          [-45.7500, -45.7500, -45.7500,  ..., -45.7500, -45.7500, -45.7500],
          [-45.7500, -45.7500, -45.7500,  ..., -45.7500, -45.7500, -45.7500]],

         [[-22.6875, -22.6875, -22.6875,  ..., -22.6875, -22.6875, -22.6875],
          [-22.6875, -22.6875, -22.6875,  ..., -22.6875, -22.6875, -22.6875],
          [-22.6875, -22.6875, -22.6875,  ..., -22.6875, -22.6875, -22.6875],
          ...,
          [-22.6875, -22.6875, -22.6875,  ..., -22.6875, -22.6875, -22.6875],
          [-22.6875, -22.6875, -22.6875,  ..., -22.6875, -22.6875, -22.6875],
          [-22.6875, -22.6875, -22.6875,  ..., -22.6875, -22.6875, -22.6875]],

         ...,

         [[ 21.1953,  21.1953,  21.1953,  ...,  21.1953,  21.1953,  21.1953],
          [ 21.1953,  21.1953,  21.1953,  ...,  21.1953,  21.1953,  21.1953],
          [ 21.1953,  21.1953,  21.1953,  ...,  21.1953,  21.1953,  21.1953],
          ...,
          [ 21.1953,  21.1953,  21.1953,  ...,  21.1953,  21.1953,  21.1953],
          [ 21.1953,  21.1953,  21.1953,  ...,  21.1953,  21.1953,  21.1953],
          [ 21.1953,  21.1953,  21.1953,  ...,  21.1953,  21.1953,  21.1953]],

         [[ 59.3438,  59.3438,  59.3438,  ...,  59.3438,  59.3438,  59.3438],
          [ 59.3438,  59.3438,  59.3438,  ...,  59.3438,  59.3438,  59.3438],
          [ 59.3438,  59.3438,  59.3438,  ...,  59.3438,  59.3438,  59.3438],
          ...,
          [ 59.3438,  59.3438,  59.3438,  ...,  59.3438,  59.3438,  59.3438],
          [ 59.3438,  59.3438,  59.3438,  ...,  59.3438,  59.3438,  59.3438],
          [ 59.3438,  59.3438,  59.3438,  ...,  59.3438,  59.3438,  59.3438]],

         [[-35.5078, -35.5078, -35.5078,  ..., -35.5078, -35.5078, -35.5078],
          [-35.5078, -35.5078, -35.5078,  ..., -35.5078, -35.5078, -35.5078],
          [-35.5078, -35.5078, -35.5078,  ..., -35.5078, -35.5078, -35.5078],
          ...,
          [-35.5078, -35.5078, -35.5078,  ..., -35.5078, -35.5078, -35.5078],
          [-35.5078, -35.5078, -35.5078,  ..., -35.5078, -35.5078, -35.5078],
          [-35.5078, -35.5078, -35.5078,  ..., -35.5078, -35.5078, -35.5078]]]],
       device='cuda:0', dtype=torch.float64, grad_fn=<Conv2dQBackward>)
running_mean: Parameter containing:
tensor([0., 0., 0., 0., 0., 0., 0., 0., 0., 0., 0., 0., 0., 0., 0., 0., 0., 0., 0., 0., 0., 0., 0., 0.,
        0., 0., 0., 0., 0., 0., 0., 0., 0., 0., 0., 0., 0., 0., 0., 0., 0., 0., 0., 0., 0., 0., 0., 0.,
        0., 0., 0., 0., 0., 0., 0., 0., 0., 0., 0., 0., 0., 0., 0., 0., 0., 0., 0., 0., 0., 0., 0., 0.,
        0., 0., 0., 0., 0., 0., 0., 0., 0., 0., 0., 0., 0., 0., 0., 0., 0., 0., 0., 0., 0., 0., 0., 0.,
        0., 0., 0., 0., 0., 0., 0., 0., 0., 0., 0., 0., 0., 0., 0., 0., 0., 0., 0., 0., 0., 0., 0., 0.,
        0., 0., 0., 0., 0., 0., 0., 0., 0., 0., 0., 0., 0., 0., 0., 0., 0., 0., 0., 0., 0., 0., 0., 0.,
        0., 0., 0., 0., 0., 0., 0., 0., 0., 0., 0., 0., 0., 0., 0., 0., 0., 0., 0., 0., 0., 0., 0., 0.,
        0., 0., 0., 0., 0., 0., 0., 0., 0., 0., 0., 0., 0., 0., 0., 0., 0., 0., 0., 0., 0., 0., 0., 0.,
        0., 0., 0., 0., 0., 0., 0., 0., 0., 0., 0., 0., 0., 0., 0., 0., 0., 0., 0., 0., 0., 0., 0., 0.,
        0., 0., 0., 0., 0., 0., 0., 0., 0., 0., 0., 0., 0., 0., 0., 0., 0., 0., 0., 0., 0., 0., 0., 0.,
        0., 0., 0., 0., 0., 0., 0., 0., 0., 0., 0., 0., 0., 0., 0., 0.],
       device='cuda:0', dtype=torch.float64, requires_grad=True)
running_var: Parameter containing:
tensor([0., 0., 0., 0., 0., 0., 0., 0., 0., 0., 0., 0., 0., 0., 0., 0., 0., 0., 0., 0., 0., 0., 0., 0.,
        0., 0., 0., 0., 0., 0., 0., 0., 0., 0., 0., 0., 0., 0., 0., 0., 0., 0., 0., 0., 0., 0., 0., 0.,
        0., 0., 0., 0., 0., 0., 0., 0., 0., 0., 0., 0., 0., 0., 0., 0., 0., 0., 0., 0., 0., 0., 0., 0.,
        0., 0., 0., 0., 0., 0., 0., 0., 0., 0., 0., 0., 0., 0., 0., 0., 0., 0., 0., 0., 0., 0., 0., 0.,
        0., 0., 0., 0., 0., 0., 0., 0., 0., 0., 0., 0., 0., 0., 0., 0., 0., 0., 0., 0., 0., 0., 0., 0.,
        0., 0., 0., 0., 0., 0., 0., 0., 0., 0., 0., 0., 0., 0., 0., 0., 0., 0., 0., 0., 0., 0., 0., 0.,
        0., 0., 0., 0., 0., 0., 0., 0., 0., 0., 0., 0., 0., 0., 0., 0., 0., 0., 0., 0., 0., 0., 0., 0.,
        0., 0., 0., 0., 0., 0., 0., 0., 0., 0., 0., 0., 0., 0., 0., 0., 0., 0., 0., 0., 0., 0., 0., 0.,
        0., 0., 0., 0., 0., 0., 0., 0., 0., 0., 0., 0., 0., 0., 0., 0., 0., 0., 0., 0., 0., 0., 0., 0.,
        0., 0., 0., 0., 0., 0., 0., 0., 0., 0., 0., 0., 0., 0., 0., 0., 0., 0., 0., 0., 0., 0., 0., 0.,
        0., 0., 0., 0., 0., 0., 0., 0., 0., 0., 0., 0., 0., 0., 0., 0.],
       device='cuda:0', dtype=torch.float64, requires_grad=True)
weight: Parameter containing:
tensor([ 0.7957,  0.7849, -0.6839,  0.2153, -1.5272,  0.2790,  1.8964, -0.1932,
        -0.2014,  0.3847,  1.4910, -1.4394,  1.5999, -1.1874,  1.4433, -0.2504,
         0.6835, -1.6411, -0.7686, -0.1491,  0.0359,  0.9531,  0.3040,  2.2333,
        -0.2088, -0.5062,  0.4239,  1.0610,  0.2809, -1.3622,  0.0169,  0.3977,
        -0.8853,  0.5989, -0.3921, -0.3706,  0.7953,  0.9481, -0.4493, -0.0993,
         1.2505,  0.5932,  0.0260,  1.5339,  1.0306,  0.7848,  1.3716, -0.3880,
         0.3489, -1.2716,  1.3429,  0.7905, -0.5688, -0.3210, -0.1639,  0.1443,
        -0.7894,  0.9953,  0.2712,  0.3368,  0.2744, -2.0399,  0.0172,  0.7613,
         0.1842,  1.6399,  0.2240, -0.5154, -0.3989, -2.2396,  2.0596,  2.8853,
        -0.1767,  2.0951, -1.1903,  1.1020,  1.0132, -1.3065, -2.4199,  0.0809,
        -0.6394, -0.4461, -0.8300,  0.7754, -0.9226, -1.2517,  3.0277,  1.1641,
         0.9392, -1.3927, -1.0927, -0.6649, -0.8280, -1.3388,  0.4145,  0.6157,
        -0.1684, -0.2265,  1.4998,  0.1810,  0.8694, -1.6964, -0.3353, -1.4896,
         0.8724, -0.5622,  1.1753,  0.6754,  0.1446,  0.3414, -0.5674, -0.6547,
         0.5006, -0.6435,  0.7395, -0.2091,  0.6720, -0.4225, -0.0986, -0.4189,
        -0.7896,  1.7840,  0.4812, -0.6845, -0.8028,  0.7240,  1.2435,  0.8187,
         0.4589, -0.9847,  0.1656,  1.4976,  0.1336, -1.3431,  0.1374,  1.1405,
         1.0570,  0.9821, -0.6494, -1.2180,  1.1272,  0.3136,  2.2380, -0.1647,
         0.6667,  0.8861,  0.0916,  0.9844,  0.4856,  0.2043,  0.6791,  0.7829,
        -0.3835,  0.4088,  0.3825,  1.6153,  0.7692, -0.0297,  0.5590, -2.2802,
        -1.0104, -0.7602,  0.5937,  1.2406, -0.4928, -1.7822, -0.4672,  1.0543,
         0.8238, -2.0940, -0.2094,  0.8320,  0.3581,  0.4242, -1.2058, -0.9823,
         0.3792,  0.3492, -0.5024, -0.5033, -0.2196,  0.5855, -1.4747,  0.2260,
        -0.1462,  0.8499, -0.6109, -0.3709,  0.3494, -0.9204,  0.4581, -0.0447,
        -2.4093,  0.1842,  0.2995,  0.8552,  0.2086,  0.4741,  2.1434, -0.5414,
         0.4310,  0.4950, -0.7065,  0.4568, -1.8263,  0.2325, -1.4400, -1.0415,
        -0.6140,  0.3706,  0.1587, -0.4893, -0.7841,  1.1465,  2.3006,  0.0250,
         0.9659,  0.5072, -1.4367, -0.9781,  0.6338, -0.6007, -1.2509,  2.5058,
         1.0150, -0.5817, -0.4327, -1.0566,  0.7848,  1.1068,  0.7795, -0.3975,
        -1.6454, -0.2018, -1.3286, -1.6664,  0.3146, -1.1612, -0.0277,  1.0347,
        -0.1129, -0.6127, -1.2474,  2.2657,  1.2232,  0.5793,  0.3296, -0.3357,
        -0.2787, -2.2275, -1.5873, -0.4848, -0.6637, -0.0693, -0.0266,  0.3735],
       device='cuda:0', dtype=torch.float64, requires_grad=True)
bias: Parameter containing:
tensor([ 0.6406, -1.5864, -0.2905, -0.6244,  0.8973, -0.1578,  0.2417,  1.5718,
         1.0264, -0.3556, -2.1209, -0.2200,  0.0094,  0.7818,  1.1785,  0.0365,
        -1.6652, -0.2323,  0.8182,  0.5624, -0.3724, -1.6242,  1.4794,  0.6149,
         0.2881, -1.2715, -0.8417, -0.0304, -1.6687,  0.6095,  2.1491,  0.5719,
        -0.1908,  0.5388,  0.5080, -1.1701,  0.4012,  0.4596,  0.2937, -1.7335,
         1.1653,  1.1412,  1.0151,  2.2139, -2.4047,  0.1406,  1.8621, -1.2296,
         0.2379,  0.9601,  1.3927, -0.0107,  2.0451, -1.0895, -0.3243,  0.3803,
         0.0747, -0.2547,  1.3174, -1.3307,  0.6911,  0.5334, -0.6060, -1.0561,
         1.1058,  2.1175,  0.8619,  0.0309, -0.0390,  1.7173,  1.3689,  0.1060,
        -0.0669, -1.8057, -0.3069,  0.3141,  0.5162, -0.5963,  0.5184,  1.5809,
        -1.0553, -0.6265,  0.0644,  0.1500, -1.0063, -1.4576, -0.7987,  0.0395,
         1.8612,  0.4710, -0.7558, -2.4922,  0.9365, -0.9606,  0.6567,  1.1946,
        -0.3828,  1.0987,  0.0261, -0.0219, -0.7227, -0.4283, -0.6392, -0.0854,
         1.4665,  2.2150,  0.4804,  0.6494, -1.2856, -1.1155,  0.8241, -1.0624,
        -1.0140, -1.3105, -1.3513, -0.7251,  0.6395, -2.9260, -1.4470, -0.9343,
        -1.4384, -0.7271,  0.0145, -2.4680,  0.4486, -0.3452,  0.5037,  0.5747,
        -1.1230, -0.1970, -0.1608, -0.6748, -0.9906, -1.6361,  0.4540,  0.8488,
         0.1977,  0.7941,  0.6232,  0.1556, -0.2773, -0.1087, -0.0129,  0.1991,
         0.5497,  0.0124,  0.3482,  0.9089, -2.0292, -0.1602,  0.0040,  0.8304,
        -0.8384,  1.0332, -0.2946, -0.3556,  1.0211,  0.7706, -0.0452,  1.0698,
        -0.9347, -0.1304,  1.6098,  0.8809, -0.1261, -1.1836, -0.8362,  0.9104,
         1.6317, -1.2570, -0.4902, -1.5315, -1.4216,  0.7385,  0.3437, -0.7438,
        -0.6008,  0.1661,  0.4081,  0.4913,  1.0131, -0.5657, -0.9718,  0.4260,
         0.3131,  0.2289,  0.1142,  1.1029, -0.9804, -1.2478,  0.2983, -1.1931,
         0.4585, -1.4153, -0.9914,  0.0659, -0.3551, -0.1203, -0.2916,  0.6367,
        -0.5111,  0.3826,  0.4641,  0.3488, -0.8693, -0.6610, -2.1124,  1.3680,
         1.1895, -0.2813,  0.8215, -0.5207,  0.0110, -0.4465,  0.1108,  1.0473,
        -2.9645, -1.6865,  0.3896,  0.8565, -0.3986,  0.5534,  0.5479, -0.4299,
        -0.1886,  0.5214, -0.7158, -0.7241, -1.3152, -0.1274,  1.3661, -0.4012,
         1.5775, -0.5767,  1.1100, -0.9188,  0.0574, -0.5246,  0.2656, -0.4587,
         0.7307, -0.8272,  0.2771, -0.1941, -0.4400,  1.1072,  0.1729,  1.2262,
        -0.0744, -0.2006, -1.4419,  1.9601, -1.1032, -0.4810,  0.0659,  2.5034],
       device='cuda:0', dtype=torch.float64, requires_grad=True)
int_tensor tensor([128, 128, 128, 128, 128, 128, 128, 128, 128, 128, 128, 128, 128, 128,
        128, 128, 128, 128, 128, 128, 128, 128, 128, 128, 128, 128, 128, 128,
        128, 128, 128, 128, 128, 128, 128, 128, 128, 128, 128, 128, 128, 128,
        128, 128, 128, 128, 128, 128, 128, 128, 128, 128, 128, 128, 128, 128,
        128, 128, 128, 128, 128, 128, 128, 128, 128, 128, 128, 128, 128, 128,
        128, 128, 128, 128, 128, 128, 128, 128, 128, 128, 128, 128, 128, 128,
        128, 128, 128, 128, 128, 128, 128, 128, 128, 128, 128, 128, 128, 128,
        128, 128, 128, 128, 128, 128, 128, 128, 128, 128, 128, 128, 128, 128,
        128, 128, 128, 128, 128, 128, 128, 128, 128, 128, 128, 128, 128, 128,
        128, 128, 128, 128, 128, 128, 128, 128, 128, 128, 128, 128, 128, 128,
        128, 128, 128, 128, 128, 128, 128, 128, 128, 128, 128, 128, 128, 128,
        128, 128, 128, 128, 128, 128, 128, 128, 128, 128, 128, 128, 128, 128,
        128, 128, 128, 128, 128, 128, 128, 128, 128, 128, 128, 128, 128, 128,
        128, 128, 128, 128, 128, 128, 128, 128, 128, 128, 128, 128, 128, 128,
        128, 128, 128, 128, 128, 128, 128, 128, 128, 128, 128, 128, 128, 128,
        128, 128, 128, 128, 128, 128, 128, 128, 128, 128, 128, 128, 128, 128,
        128, 128, 128, 128, 128, 128, 128, 128, 128, 128, 128, 128, 128, 128,
        128, 128, 128, 128, 128, 128, 128, 128, 128, 128, 128, 128, 128, 128,
        128, 128, 128, 128], device='cuda:0')
truncated inttensor: tensor([1, 1, 1, 1, 1, 1, 1, 1, 1, 1, 1, 1, 1, 1, 1, 1, 1, 1, 1, 1, 1, 1, 1, 1,
        1, 1, 1, 1, 1, 1, 1, 1, 1, 1, 1, 1, 1, 1, 1, 1, 1, 1, 1, 1, 1, 1, 1, 1,
        1, 1, 1, 1, 1, 1, 1, 1, 1, 1, 1, 1, 1, 1, 1, 1, 1, 1, 1, 1, 1, 1, 1, 1,
        1, 1, 1, 1, 1, 1, 1, 1, 1, 1, 1, 1, 1, 1, 1, 1, 1, 1, 1, 1, 1, 1, 1, 1,
        1, 1, 1, 1, 1, 1, 1, 1, 1, 1, 1, 1, 1, 1, 1, 1, 1, 1, 1, 1, 1, 1, 1, 1,
        1, 1, 1, 1, 1, 1, 1, 1, 1, 1, 1, 1, 1, 1, 1, 1, 1, 1, 1, 1, 1, 1, 1, 1,
        1, 1, 1, 1, 1, 1, 1, 1, 1, 1, 1, 1, 1, 1, 1, 1, 1, 1, 1, 1, 1, 1, 1, 1,
        1, 1, 1, 1, 1, 1, 1, 1, 1, 1, 1, 1, 1, 1, 1, 1, 1, 1, 1, 1, 1, 1, 1, 1,
        1, 1, 1, 1, 1, 1, 1, 1, 1, 1, 1, 1, 1, 1, 1, 1, 1, 1, 1, 1, 1, 1, 1, 1,
        1, 1, 1, 1, 1, 1, 1, 1, 1, 1, 1, 1, 1, 1, 1, 1, 1, 1, 1, 1, 1, 1, 1, 1,
        1, 1, 1, 1, 1, 1, 1, 1, 1, 1, 1, 1, 1, 1, 1, 1], device='cuda:0')
int_tensor tensor([[[[0, 0, 0,  ..., 0, 0, 0],
          [0, 0, 0,  ..., 0, 0, 0],
          [0, 0, 0,  ..., 0, 0, 0],
          ...,
          [0, 0, 0,  ..., 0, 0, 0],
          [0, 0, 0,  ..., 0, 0, 0],
          [0, 0, 0,  ..., 0, 0, 0]],

         [[0, 0, 0,  ..., 0, 0, 0],
          [0, 0, 0,  ..., 0, 0, 0],
          [0, 0, 0,  ..., 0, 0, 0],
          ...,
          [0, 0, 0,  ..., 0, 0, 0],
          [0, 0, 0,  ..., 0, 0, 0],
          [0, 0, 0,  ..., 0, 0, 0]],

         [[0, 0, 0,  ..., 0, 0, 0],
          [0, 0, 0,  ..., 0, 0, 0],
          [0, 0, 0,  ..., 0, 0, 0],
          ...,
          [0, 0, 0,  ..., 0, 0, 0],
          [0, 0, 0,  ..., 0, 0, 0],
          [0, 0, 0,  ..., 0, 0, 0]],

         ...,

         [[0, 0, 0,  ..., 0, 0, 0],
          [0, 0, 0,  ..., 0, 0, 0],
          [0, 0, 0,  ..., 0, 0, 0],
          ...,
          [0, 0, 0,  ..., 0, 0, 0],
          [0, 0, 0,  ..., 0, 0, 0],
          [0, 0, 0,  ..., 0, 0, 0]],

         [[0, 0, 0,  ..., 0, 0, 0],
          [0, 0, 0,  ..., 0, 0, 0],
          [0, 0, 0,  ..., 0, 0, 0],
          ...,
          [0, 0, 0,  ..., 0, 0, 0],
          [0, 0, 0,  ..., 0, 0, 0],
          [0, 0, 0,  ..., 0, 0, 0]],

         [[0, 0, 0,  ..., 0, 0, 0],
          [0, 0, 0,  ..., 0, 0, 0],
          [0, 0, 0,  ..., 0, 0, 0],
          ...,
          [0, 0, 0,  ..., 0, 0, 0],
          [0, 0, 0,  ..., 0, 0, 0],
          [0, 0, 0,  ..., 0, 0, 0]]]], device='cuda:0')
truncated inttensor: tensor([[[[0, 0, 0,  ..., 0, 0, 0],
          [0, 0, 0,  ..., 0, 0, 0],
          [0, 0, 0,  ..., 0, 0, 0],
          ...,
          [0, 0, 0,  ..., 0, 0, 0],
          [0, 0, 0,  ..., 0, 0, 0],
          [0, 0, 0,  ..., 0, 0, 0]],

         [[0, 0, 0,  ..., 0, 0, 0],
          [0, 0, 0,  ..., 0, 0, 0],
          [0, 0, 0,  ..., 0, 0, 0],
          ...,
          [0, 0, 0,  ..., 0, 0, 0],
          [0, 0, 0,  ..., 0, 0, 0],
          [0, 0, 0,  ..., 0, 0, 0]],

         [[0, 0, 0,  ..., 0, 0, 0],
          [0, 0, 0,  ..., 0, 0, 0],
          [0, 0, 0,  ..., 0, 0, 0],
          ...,
          [0, 0, 0,  ..., 0, 0, 0],
          [0, 0, 0,  ..., 0, 0, 0],
          [0, 0, 0,  ..., 0, 0, 0]],

         ...,

         [[0, 0, 0,  ..., 0, 0, 0],
          [0, 0, 0,  ..., 0, 0, 0],
          [0, 0, 0,  ..., 0, 0, 0],
          ...,
          [0, 0, 0,  ..., 0, 0, 0],
          [0, 0, 0,  ..., 0, 0, 0],
          [0, 0, 0,  ..., 0, 0, 0]],

         [[0, 0, 0,  ..., 0, 0, 0],
          [0, 0, 0,  ..., 0, 0, 0],
          [0, 0, 0,  ..., 0, 0, 0],
          ...,
          [0, 0, 0,  ..., 0, 0, 0],
          [0, 0, 0,  ..., 0, 0, 0],
          [0, 0, 0,  ..., 0, 0, 0]],

         [[0, 0, 0,  ..., 0, 0, 0],
          [0, 0, 0,  ..., 0, 0, 0],
          [0, 0, 0,  ..., 0, 0, 0],
          ...,
          [0, 0, 0,  ..., 0, 0, 0],
          [0, 0, 0,  ..., 0, 0, 0],
          [0, 0, 0,  ..., 0, 0, 0]]]], device='cuda:0')
int_tensor tensor([[[[ 10496,  10496,  10496,  ...,  10496,  10496,  10496],
          [ 10496,  10496,  10496,  ...,  10496,  10496,  10496],
          [ 10496,  10496,  10496,  ...,  10496,  10496,  10496],
          ...,
          [ 10496,  10496,  10496,  ...,  10496,  10496,  10496],
          [ 10496,  10496,  10496,  ...,  10496,  10496,  10496],
          [ 10496,  10496,  10496,  ...,  10496,  10496,  10496]],

         [[-25984, -25984, -25984,  ..., -25984, -25984, -25984],
          [-25984, -25984, -25984,  ..., -25984, -25984, -25984],
          [-25984, -25984, -25984,  ..., -25984, -25984, -25984],
          ...,
          [-25984, -25984, -25984,  ..., -25984, -25984, -25984],
          [-25984, -25984, -25984,  ..., -25984, -25984, -25984],
          [-25984, -25984, -25984,  ..., -25984, -25984, -25984]],

         [[ -4736,  -4736,  -4736,  ...,  -4736,  -4736,  -4736],
          [ -4736,  -4736,  -4736,  ...,  -4736,  -4736,  -4736],
          [ -4736,  -4736,  -4736,  ...,  -4736,  -4736,  -4736],
          ...,
          [ -4736,  -4736,  -4736,  ...,  -4736,  -4736,  -4736],
          [ -4736,  -4736,  -4736,  ...,  -4736,  -4736,  -4736],
          [ -4736,  -4736,  -4736,  ...,  -4736,  -4736,  -4736]],

         ...,

         [[ -7936,  -7936,  -7936,  ...,  -7936,  -7936,  -7936],
          [ -7936,  -7936,  -7936,  ...,  -7936,  -7936,  -7936],
          [ -7936,  -7936,  -7936,  ...,  -7936,  -7936,  -7936],
          ...,
          [ -7936,  -7936,  -7936,  ...,  -7936,  -7936,  -7936],
          [ -7936,  -7936,  -7936,  ...,  -7936,  -7936,  -7936],
          [ -7936,  -7936,  -7936,  ...,  -7936,  -7936,  -7936]],

         [[  1024,   1024,   1024,  ...,   1024,   1024,   1024],
          [  1024,   1024,   1024,  ...,   1024,   1024,   1024],
          [  1024,   1024,   1024,  ...,   1024,   1024,   1024],
          ...,
          [  1024,   1024,   1024,  ...,   1024,   1024,   1024],
          [  1024,   1024,   1024,  ...,   1024,   1024,   1024],
          [  1024,   1024,   1024,  ...,   1024,   1024,   1024]],

         [[ 40960,  40960,  40960,  ...,  40960,  40960,  40960],
          [ 40960,  40960,  40960,  ...,  40960,  40960,  40960],
          [ 40960,  40960,  40960,  ...,  40960,  40960,  40960],
          ...,
          [ 40960,  40960,  40960,  ...,  40960,  40960,  40960],
          [ 40960,  40960,  40960,  ...,  40960,  40960,  40960],
          [ 40960,  40960,  40960,  ...,  40960,  40960,  40960]]]],
       device='cuda:0')
truncated inttensor: tensor([[[[  82,   82,   82,  ...,   82,   82,   82],
          [  82,   82,   82,  ...,   82,   82,   82],
          [  82,   82,   82,  ...,   82,   82,   82],
          ...,
          [  82,   82,   82,  ...,   82,   82,   82],
          [  82,   82,   82,  ...,   82,   82,   82],
          [  82,   82,   82,  ...,   82,   82,   82]],

         [[-203, -203, -203,  ..., -203, -203, -203],
          [-203, -203, -203,  ..., -203, -203, -203],
          [-203, -203, -203,  ..., -203, -203, -203],
          ...,
          [-203, -203, -203,  ..., -203, -203, -203],
          [-203, -203, -203,  ..., -203, -203, -203],
          [-203, -203, -203,  ..., -203, -203, -203]],

         [[ -37,  -37,  -37,  ...,  -37,  -37,  -37],
          [ -37,  -37,  -37,  ...,  -37,  -37,  -37],
          [ -37,  -37,  -37,  ...,  -37,  -37,  -37],
          ...,
          [ -37,  -37,  -37,  ...,  -37,  -37,  -37],
          [ -37,  -37,  -37,  ...,  -37,  -37,  -37],
          [ -37,  -37,  -37,  ...,  -37,  -37,  -37]],

         ...,

         [[ -62,  -62,  -62,  ...,  -62,  -62,  -62],
          [ -62,  -62,  -62,  ...,  -62,  -62,  -62],
          [ -62,  -62,  -62,  ...,  -62,  -62,  -62],
          ...,
          [ -62,  -62,  -62,  ...,  -62,  -62,  -62],
          [ -62,  -62,  -62,  ...,  -62,  -62,  -62],
          [ -62,  -62,  -62,  ...,  -62,  -62,  -62]],

         [[   8,    8,    8,  ...,    8,    8,    8],
          [   8,    8,    8,  ...,    8,    8,    8],
          [   8,    8,    8,  ...,    8,    8,    8],
          ...,
          [   8,    8,    8,  ...,    8,    8,    8],
          [   8,    8,    8,  ...,    8,    8,    8],
          [   8,    8,    8,  ...,    8,    8,    8]],

         [[ 320,  320,  320,  ...,  320,  320,  320],
          [ 320,  320,  320,  ...,  320,  320,  320],
          [ 320,  320,  320,  ...,  320,  320,  320],
          ...,
          [ 320,  320,  320,  ...,  320,  320,  320],
          [ 320,  320,  320,  ...,  320,  320,  320],
          [ 320,  320,  320,  ...,  320,  320,  320]]]], device='cuda:0')
tensor([[[[ 0.6406,  0.6406,  0.6406,  ...,  0.6406,  0.6406,  0.6406],
          [ 0.6406,  0.6406,  0.6406,  ...,  0.6406,  0.6406,  0.6406],
          [ 0.6406,  0.6406,  0.6406,  ...,  0.6406,  0.6406,  0.6406],
          ...,
          [ 0.6406,  0.6406,  0.6406,  ...,  0.6406,  0.6406,  0.6406],
          [ 0.6406,  0.6406,  0.6406,  ...,  0.6406,  0.6406,  0.6406],
          [ 0.6406,  0.6406,  0.6406,  ...,  0.6406,  0.6406,  0.6406]],

         [[-1.5859, -1.5859, -1.5859,  ..., -1.5859, -1.5859, -1.5859],
          [-1.5859, -1.5859, -1.5859,  ..., -1.5859, -1.5859, -1.5859],
          [-1.5859, -1.5859, -1.5859,  ..., -1.5859, -1.5859, -1.5859],
          ...,
          [-1.5859, -1.5859, -1.5859,  ..., -1.5859, -1.5859, -1.5859],
          [-1.5859, -1.5859, -1.5859,  ..., -1.5859, -1.5859, -1.5859],
          [-1.5859, -1.5859, -1.5859,  ..., -1.5859, -1.5859, -1.5859]],

         [[-0.2891, -0.2891, -0.2891,  ..., -0.2891, -0.2891, -0.2891],
          [-0.2891, -0.2891, -0.2891,  ..., -0.2891, -0.2891, -0.2891],
          [-0.2891, -0.2891, -0.2891,  ..., -0.2891, -0.2891, -0.2891],
          ...,
          [-0.2891, -0.2891, -0.2891,  ..., -0.2891, -0.2891, -0.2891],
          [-0.2891, -0.2891, -0.2891,  ..., -0.2891, -0.2891, -0.2891],
          [-0.2891, -0.2891, -0.2891,  ..., -0.2891, -0.2891, -0.2891]],

         ...,

         [[-0.4844, -0.4844, -0.4844,  ..., -0.4844, -0.4844, -0.4844],
          [-0.4844, -0.4844, -0.4844,  ..., -0.4844, -0.4844, -0.4844],
          [-0.4844, -0.4844, -0.4844,  ..., -0.4844, -0.4844, -0.4844],
          ...,
          [-0.4844, -0.4844, -0.4844,  ..., -0.4844, -0.4844, -0.4844],
          [-0.4844, -0.4844, -0.4844,  ..., -0.4844, -0.4844, -0.4844],
          [-0.4844, -0.4844, -0.4844,  ..., -0.4844, -0.4844, -0.4844]],

         [[ 0.0625,  0.0625,  0.0625,  ...,  0.0625,  0.0625,  0.0625],
          [ 0.0625,  0.0625,  0.0625,  ...,  0.0625,  0.0625,  0.0625],
          [ 0.0625,  0.0625,  0.0625,  ...,  0.0625,  0.0625,  0.0625],
          ...,
          [ 0.0625,  0.0625,  0.0625,  ...,  0.0625,  0.0625,  0.0625],
          [ 0.0625,  0.0625,  0.0625,  ...,  0.0625,  0.0625,  0.0625],
          [ 0.0625,  0.0625,  0.0625,  ...,  0.0625,  0.0625,  0.0625]],

         [[ 2.5000,  2.5000,  2.5000,  ...,  2.5000,  2.5000,  2.5000],
          [ 2.5000,  2.5000,  2.5000,  ...,  2.5000,  2.5000,  2.5000],
          [ 2.5000,  2.5000,  2.5000,  ...,  2.5000,  2.5000,  2.5000],
          ...,
          [ 2.5000,  2.5000,  2.5000,  ...,  2.5000,  2.5000,  2.5000],
          [ 2.5000,  2.5000,  2.5000,  ...,  2.5000,  2.5000,  2.5000],
          [ 2.5000,  2.5000,  2.5000,  ...,  2.5000,  2.5000,  2.5000]]]],
       device='cuda:0', dtype=torch.float64)
=== Conv2dQ forward called ===
conv2d info (float format):
inputs: tensor([[[[0.6406, 0.6406, 0.6406,  ..., 0.6406, 0.6406, 0.6406],
          [0.6406, 0.6406, 0.6406,  ..., 0.6406, 0.6406, 0.6406],
          [0.6406, 0.6406, 0.6406,  ..., 0.6406, 0.6406, 0.6406],
          ...,
          [0.6406, 0.6406, 0.6406,  ..., 0.6406, 0.6406, 0.6406],
          [0.6406, 0.6406, 0.6406,  ..., 0.6406, 0.6406, 0.6406],
          [0.6406, 0.6406, 0.6406,  ..., 0.6406, 0.6406, 0.6406]],

         [[0.0000, 0.0000, 0.0000,  ..., 0.0000, 0.0000, 0.0000],
          [0.0000, 0.0000, 0.0000,  ..., 0.0000, 0.0000, 0.0000],
          [0.0000, 0.0000, 0.0000,  ..., 0.0000, 0.0000, 0.0000],
          ...,
          [0.0000, 0.0000, 0.0000,  ..., 0.0000, 0.0000, 0.0000],
          [0.0000, 0.0000, 0.0000,  ..., 0.0000, 0.0000, 0.0000],
          [0.0000, 0.0000, 0.0000,  ..., 0.0000, 0.0000, 0.0000]],

         [[0.0000, 0.0000, 0.0000,  ..., 0.0000, 0.0000, 0.0000],
          [0.0000, 0.0000, 0.0000,  ..., 0.0000, 0.0000, 0.0000],
          [0.0000, 0.0000, 0.0000,  ..., 0.0000, 0.0000, 0.0000],
          ...,
          [0.0000, 0.0000, 0.0000,  ..., 0.0000, 0.0000, 0.0000],
          [0.0000, 0.0000, 0.0000,  ..., 0.0000, 0.0000, 0.0000],
          [0.0000, 0.0000, 0.0000,  ..., 0.0000, 0.0000, 0.0000]],

         ...,

         [[0.0000, 0.0000, 0.0000,  ..., 0.0000, 0.0000, 0.0000],
          [0.0000, 0.0000, 0.0000,  ..., 0.0000, 0.0000, 0.0000],
          [0.0000, 0.0000, 0.0000,  ..., 0.0000, 0.0000, 0.0000],
          ...,
          [0.0000, 0.0000, 0.0000,  ..., 0.0000, 0.0000, 0.0000],
          [0.0000, 0.0000, 0.0000,  ..., 0.0000, 0.0000, 0.0000],
          [0.0000, 0.0000, 0.0000,  ..., 0.0000, 0.0000, 0.0000]],

         [[0.0625, 0.0625, 0.0625,  ..., 0.0625, 0.0625, 0.0625],
          [0.0625, 0.0625, 0.0625,  ..., 0.0625, 0.0625, 0.0625],
          [0.0625, 0.0625, 0.0625,  ..., 0.0625, 0.0625, 0.0625],
          ...,
          [0.0625, 0.0625, 0.0625,  ..., 0.0625, 0.0625, 0.0625],
          [0.0625, 0.0625, 0.0625,  ..., 0.0625, 0.0625, 0.0625],
          [0.0625, 0.0625, 0.0625,  ..., 0.0625, 0.0625, 0.0625]],

         [[2.5000, 2.5000, 2.5000,  ..., 2.5000, 2.5000, 2.5000],
          [2.5000, 2.5000, 2.5000,  ..., 2.5000, 2.5000, 2.5000],
          [2.5000, 2.5000, 2.5000,  ..., 2.5000, 2.5000, 2.5000],
          ...,
          [2.5000, 2.5000, 2.5000,  ..., 2.5000, 2.5000, 2.5000],
          [2.5000, 2.5000, 2.5000,  ..., 2.5000, 2.5000, 2.5000],
          [2.5000, 2.5000, 2.5000,  ..., 2.5000, 2.5000, 2.5000]]]],
       device='cuda:0', dtype=torch.float64, grad_fn=<ReluBackward0>)
weights: Parameter containing:
tensor([[[[-5.2724e-01, -1.1741e+00,  6.9338e-01, -2.9794e-01],
          [-5.9305e-01, -7.4975e-01, -1.4631e+00, -2.9256e-01],
          [ 9.4066e-01, -1.1424e-01,  5.9924e-01, -5.9893e-01],
          [-3.9783e-01,  9.2678e-02,  9.4190e-01, -7.5933e-01]],

         [[-4.8861e-03,  1.2101e+00,  9.2714e-01,  6.4746e-01],
          [ 1.1803e+00,  6.2165e-01,  9.8063e-01, -1.2664e+00],
          [ 5.6124e-01, -9.6472e-01,  1.3159e+00,  1.2764e+00],
          [-8.4521e-01, -8.4093e-01,  1.1877e+00, -6.6781e-02]],

         [[-4.3617e-01, -9.5192e-01,  5.2529e-01, -5.9761e-01],
          [ 1.1322e+00, -1.7632e-01,  8.8926e-01,  9.4498e-01],
          [-1.2254e-01,  8.3539e-01, -1.3243e-01, -2.0021e+00],
          [-1.5643e+00, -7.6855e-01,  9.2066e-01, -3.3785e-01]],

         ...,

         [[ 7.5611e-01,  5.7106e-01, -1.4950e+00, -7.9506e-01],
          [ 2.1192e+00,  3.8539e-01,  1.0096e-01, -1.8172e+00],
          [-1.1346e+00,  1.3559e-01,  1.5144e+00, -6.2409e-01],
          [ 1.8416e+00, -1.2316e+00, -1.1774e+00, -2.6841e-01]],

         [[ 6.9697e-01,  6.9242e-01, -5.6996e-02, -1.0392e+00],
          [-6.2871e-02,  7.9803e-01, -2.0956e+00, -1.2898e+00],
          [ 5.5829e-02, -1.5157e+00,  1.9055e+00,  1.5395e+00],
          [-5.0720e-01, -3.9727e-01, -2.9574e-01, -1.2837e+00]],

         [[-2.3147e-01, -2.7720e-01, -1.9356e+00, -5.9057e-02],
          [ 5.3325e-01,  6.3729e-01,  5.6561e-01,  1.6439e+00],
          [-1.3761e+00, -3.2493e-01, -2.5387e+00, -1.1861e+00],
          [-1.7380e+00, -1.0055e+00, -1.5544e-01,  7.3516e-01]]],


        [[[ 3.7416e-01, -9.1401e-01,  1.5288e+00, -4.3420e-01],
          [-5.3071e-01,  2.4144e-01, -1.9306e+00, -9.0153e-01],
          [-2.5585e-01, -3.8584e-01,  1.3004e+00,  6.1925e-01],
          [-4.3963e-01,  6.5148e-01,  4.1840e-01, -1.7304e+00]],

         [[ 5.2533e-01, -1.2596e+00,  1.0704e+00,  1.6279e-01],
          [-4.2054e-03,  1.3893e+00, -1.1070e+00,  5.2422e-01],
          [ 7.9056e-01, -1.4552e+00,  1.5257e-01, -2.4942e-01],
          [-7.0750e-01,  1.9438e+00,  7.4225e-01,  4.2942e-02]],

         [[-8.1744e-01, -4.0209e-01,  2.0464e+00, -2.4235e+00],
          [ 1.3362e+00, -1.0781e+00,  5.8823e-01, -1.8884e+00],
          [ 1.0956e+00, -8.2463e-01,  4.8182e-02, -1.6434e+00],
          [-5.4301e-01,  2.5093e-01, -1.6243e-01,  1.7406e+00]],

         ...,

         [[ 9.0411e-01, -8.5093e-01,  1.9739e-01,  2.5626e+00],
          [ 1.5055e+00,  1.6557e+00, -6.7745e-01, -9.4443e-02],
          [ 2.0647e+00, -8.5470e-01, -4.6636e-01,  2.3557e+00],
          [-2.2132e-01,  6.9513e-01, -6.7163e-01,  2.3322e-01]],

         [[ 1.8646e+00, -5.5241e-01, -6.9424e-01, -7.7258e-01],
          [ 2.1156e+00, -8.8236e-01, -1.4174e-01, -9.3082e-01],
          [ 1.1515e-01, -1.6964e+00, -7.8400e-01, -1.4842e+00],
          [-1.0665e+00,  1.2458e+00,  6.5796e-02,  2.0583e+00]],

         [[ 1.1021e-01, -6.8452e-01, -2.7490e-01, -4.7020e-01],
          [-1.6631e-01,  6.8299e-01,  7.8943e-01,  8.6521e-03],
          [ 8.9097e-01,  3.3783e-02,  1.2139e-01, -9.7757e-01],
          [ 5.2056e-01, -6.9656e-01, -2.2305e+00,  1.1754e+00]]],


        [[[-5.4569e-01, -1.0996e+00, -1.9812e-01, -6.7663e-01],
          [-8.8000e-01, -9.8441e-01,  5.7155e-01,  3.5486e-01],
          [-1.8521e-01,  5.1578e-01, -1.8637e+00, -8.3478e-02],
          [ 7.7768e-01,  6.6707e-01, -3.7329e-01, -8.6015e-01]],

         [[-1.2864e+00, -1.1307e+00,  2.0536e+00, -3.9796e-01],
          [ 2.5666e-01, -3.0822e-01,  1.4697e+00, -3.8287e-01],
          [-3.6942e-01, -6.1239e-01,  1.5573e+00,  6.2520e-01],
          [-8.6961e-01, -9.7583e-01, -5.8626e-01,  1.9336e+00]],

         [[-1.7431e+00, -2.4234e-01,  1.3620e-01, -4.0276e-01],
          [ 7.4759e-01,  2.7545e-02,  1.8689e-01, -3.2152e-01],
          [ 2.0325e-01, -5.0895e-01, -2.7866e+00,  2.6468e+00],
          [ 1.2152e+00,  1.2160e+00, -1.6532e+00,  5.5617e-01]],

         ...,

         [[-3.8749e-01, -1.4557e+00,  1.5032e+00,  1.1378e+00],
          [-1.1083e+00,  2.4563e-01,  1.1181e+00, -1.4410e+00],
          [ 1.3043e+00, -5.6948e-02, -1.0498e-01,  1.2903e+00],
          [-2.8071e-01,  2.7491e+00, -8.3759e-01,  8.0787e-01]],

         [[ 1.0220e+00, -6.4661e-01, -6.8928e-01,  1.0696e+00],
          [ 8.7112e-01,  2.2574e+00, -2.6863e+00, -7.7424e-02],
          [-1.5804e-01,  3.7587e-01, -1.2496e+00, -2.2169e+00],
          [ 1.3245e+00, -2.1745e+00,  5.2848e-01, -4.0538e-01]],

         [[ 1.4674e-01, -9.7170e-02,  5.3044e-01, -7.3415e-01],
          [ 1.3559e-02, -4.4798e-02, -1.1883e+00, -8.6287e-01],
          [-3.7549e-01, -6.0327e-01,  1.3329e+00,  1.1712e+00],
          [-1.9226e+00, -1.1324e+00, -6.2338e-01, -6.3574e-01]]],


        ...,


        [[[-1.3716e+00,  1.2270e+00,  1.3682e+00,  1.1614e-01],
          [-1.2133e+00, -1.2290e+00, -4.7284e-01, -1.2742e+00],
          [-2.9268e-01, -7.1368e-02,  7.6209e-01,  1.3671e+00],
          [-9.0697e-01, -1.7372e+00,  2.8030e-01, -1.2410e+00]],

         [[ 1.0580e-01, -8.2353e-01,  5.3506e-02,  2.5165e-01],
          [ 1.3465e+00,  1.7925e+00,  1.4941e-01, -4.0002e-02],
          [ 1.0604e+00, -2.5242e+00, -1.0216e+00, -9.1088e-01],
          [ 1.5020e+00,  1.2081e+00,  1.6622e+00, -1.2767e+00]],

         [[-1.0033e-01,  1.4630e-01,  2.1729e+00,  1.1649e+00],
          [ 1.9031e+00, -1.3351e+00,  2.1949e+00,  9.0808e-01],
          [ 1.2842e-01,  1.1226e+00,  3.2919e-01, -7.6335e-01],
          [ 7.8928e-01,  1.4021e+00, -6.7211e-01, -9.7966e-01]],

         ...,

         [[-4.5252e-01,  6.5110e-01, -9.0382e-01, -6.7626e-01],
          [-1.5277e-01,  6.5854e-01,  8.3573e-01, -8.0258e-01],
          [ 3.0125e-01,  1.5517e-01, -1.2515e+00, -5.6991e-01],
          [ 4.0204e-01, -1.2934e+00, -2.3582e-01, -5.3131e-01]],

         [[ 6.1509e-01, -9.7428e-01, -4.9494e-01,  1.9295e-02],
          [-1.7983e+00,  2.0822e-01, -8.6671e-01, -1.1125e+00],
          [ 1.8911e+00,  2.0061e-01, -4.8145e-01,  2.5668e-01],
          [ 6.6831e-01, -5.6984e-01,  8.2241e-01, -5.5185e-01]],

         [[ 2.2605e+00, -1.4445e+00, -4.0128e-01, -3.0724e-01],
          [-3.9731e-01, -8.8608e-01,  5.0087e-01, -1.5358e+00],
          [ 1.4936e+00,  4.3275e-01, -2.4491e-01, -1.8984e+00],
          [-1.4534e+00,  1.6420e+00,  7.0812e-01,  7.7724e-01]]],


        [[[ 1.4775e-01,  3.4778e-01,  6.3182e-01,  1.1195e+00],
          [-3.8449e-01, -1.1714e-01, -1.3242e-02,  8.0253e-01],
          [-4.8151e-01, -1.6913e-01, -1.1825e+00, -3.3685e-01],
          [-4.2438e-02, -9.2929e-02,  4.4509e-01, -1.3635e+00]],

         [[ 1.5246e+00,  1.2233e+00,  1.1659e+00,  1.3660e+00],
          [ 1.0325e+00, -1.1367e+00,  1.1392e-01,  2.2084e-01],
          [-8.9279e-01,  7.7653e-01,  1.2669e+00, -4.8028e-01],
          [ 6.7152e-01, -2.3298e+00, -7.8655e-01,  6.5161e-01]],

         [[ 4.7479e-02,  2.4348e-01, -1.4643e+00,  6.5961e-02],
          [-5.9513e-01, -4.9160e-01,  9.2063e-02,  7.1384e-01],
          [-3.4466e-01,  7.9868e-01, -1.5565e+00, -2.0969e+00],
          [-5.8583e-01, -6.4006e-01,  8.8250e-01,  2.7807e-01]],

         ...,

         [[-1.1826e+00, -6.9909e-01,  5.4350e-01, -2.3652e-01],
          [ 7.2178e-01,  4.6102e-01, -1.9927e+00, -3.4084e-01],
          [-2.7673e-01, -2.0560e+00, -1.1445e+00, -5.2260e-01],
          [-1.4566e+00, -9.2831e-01,  2.1928e+00,  4.9545e-01]],

         [[-3.4977e-01, -8.9616e-01,  1.0694e+00,  1.6991e+00],
          [ 1.1204e+00,  3.2951e-01, -2.1513e+00, -7.1984e-01],
          [ 5.6883e-01,  7.6761e-01, -4.8182e-01, -1.7912e-01],
          [ 7.0648e-01, -2.4454e+00,  2.2074e+00, -8.0660e-01]],

         [[-2.8577e-01,  2.8273e-01,  3.9963e-01,  1.8321e+00],
          [-7.3628e-01,  1.1141e-01,  4.3285e-01, -6.0500e-01],
          [ 2.1652e-01,  5.4291e-01,  1.2908e+00, -7.2592e-01],
          [-7.0444e-02, -1.7235e-01,  2.7914e-02, -8.4911e-01]]],


        [[[ 3.7948e-01,  9.4951e-02, -4.6627e-01, -1.8190e+00],
          [-1.5422e+00, -2.8897e+00, -8.0286e-01, -1.5146e+00],
          [ 9.3134e-01, -2.1531e+00,  1.0728e+00,  2.8252e-01],
          [-3.3722e-01,  1.2121e+00,  8.4752e-01, -1.4206e+00]],

         [[ 1.8228e+00,  7.8692e-01,  6.5121e-01,  4.3704e-01],
          [-7.6318e-01,  2.0503e-01, -1.0334e+00,  4.3820e-01],
          [-6.5771e-01,  8.0915e-01,  1.6871e+00,  3.6018e-01],
          [ 1.2456e+00,  1.2880e+00,  5.0096e-01,  4.8088e-01]],

         [[-6.2265e-01, -1.0488e+00,  1.3592e-03,  8.4480e-01],
          [ 3.1113e-01, -9.5452e-01,  4.0452e-01,  7.4363e-01],
          [-8.9372e-02, -1.6650e-01, -1.0843e+00, -2.0344e+00],
          [-1.7123e+00,  1.9810e-01,  4.3472e-01,  2.4765e+00]],

         ...,

         [[-6.6873e-01,  7.3756e-01, -1.5446e+00,  5.9580e-01],
          [ 3.7545e-01, -2.9892e-01,  1.8405e-01, -2.8792e-02],
          [ 6.2716e-01, -3.3049e-01,  6.3367e-01,  2.4835e-01],
          [ 3.0871e-01,  2.1116e+00, -1.1742e+00, -2.5937e-01]],

         [[ 1.7304e-01,  1.9717e+00,  2.2285e-01,  1.2839e-01],
          [ 1.1718e-01,  2.6120e+00,  8.3661e-01,  5.2322e-01],
          [ 6.9200e-01,  1.0328e-01,  2.1222e+00, -3.9380e-01],
          [-2.3513e+00,  5.9686e-01, -1.3206e-01,  6.9295e-01]],

         [[-8.9705e-01, -1.9445e+00,  1.6095e-01,  9.1984e-01],
          [ 9.9434e-01, -4.0961e-01,  1.9552e-01, -9.5229e-01],
          [-4.8209e-01, -9.4823e-01,  4.2275e-01,  1.7480e+00],
          [-1.3944e+00,  2.1969e-01, -1.6045e-01, -6.6872e-01]]]],
       device='cuda:0', dtype=torch.float64, requires_grad=True)
bias: Parameter containing:
tensor([-0.8742, -1.2063,  0.6391,  ..., -0.7941, -1.1790, -0.9428],
       device='cuda:0', dtype=torch.float64, requires_grad=True)
int_tensor tensor([[[[-414425, -414425, -414425,  ..., -414425, -414425, -414425],
          [-414425, -414425, -414425,  ..., -414425, -414425, -414425],
          [-414425, -414425, -414425,  ..., -414425, -414425, -414425],
          ...,
          [-414425, -414425, -414425,  ..., -414425, -414425, -414425],
          [-414425, -414425, -414425,  ..., -414425, -414425, -414425],
          [-414425, -414425, -414425,  ..., -414425, -414425, -414425]],

         [[ 729572,  729572,  729572,  ...,  729572,  729572,  729572],
          [ 729572,  729572,  729572,  ...,  729572,  729572,  729572],
          [ 729572,  729572,  729572,  ...,  729572,  729572,  729572],
          ...,
          [ 729572,  729572,  729572,  ...,  729572,  729572,  729572],
          [ 729572,  729572,  729572,  ...,  729572,  729572,  729572],
          [ 729572,  729572,  729572,  ...,  729572,  729572,  729572]],

         [[ 254154,  254154,  254154,  ...,  254154,  254154,  254154],
          [ 254154,  254154,  254154,  ...,  254154,  254154,  254154],
          [ 254154,  254154,  254154,  ...,  254154,  254154,  254154],
          ...,
          [ 254154,  254154,  254154,  ...,  254154,  254154,  254154],
          [ 254154,  254154,  254154,  ...,  254154,  254154,  254154],
          [ 254154,  254154,  254154,  ...,  254154,  254154,  254154]],

         ...,

         [[-473414, -473414, -473414,  ..., -473414, -473414, -473414],
          [-473414, -473414, -473414,  ..., -473414, -473414, -473414],
          [-473414, -473414, -473414,  ..., -473414, -473414, -473414],
          ...,
          [-473414, -473414, -473414,  ..., -473414, -473414, -473414],
          [-473414, -473414, -473414,  ..., -473414, -473414, -473414],
          [-473414, -473414, -473414,  ..., -473414, -473414, -473414]],

         [[ 319939,  319939,  319939,  ...,  319939,  319939,  319939],
          [ 319939,  319939,  319939,  ...,  319939,  319939,  319939],
          [ 319939,  319939,  319939,  ...,  319939,  319939,  319939],
          ...,
          [ 319939,  319939,  319939,  ...,  319939,  319939,  319939],
          [ 319939,  319939,  319939,  ...,  319939,  319939,  319939],
          [ 319939,  319939,  319939,  ...,  319939,  319939,  319939]],

         [[-402952, -402952, -402952,  ..., -402952, -402952, -402952],
          [-402952, -402952, -402952,  ..., -402952, -402952, -402952],
          [-402952, -402952, -402952,  ..., -402952, -402952, -402952],
          ...,
          [-402952, -402952, -402952,  ..., -402952, -402952, -402952],
          [-402952, -402952, -402952,  ..., -402952, -402952, -402952],
          [-402952, -402952, -402952,  ..., -402952, -402952, -402952]]]],
       device='cuda:0')
truncated inttensor: tensor([[[[-3238, -3238, -3238,  ..., -3238, -3238, -3238],
          [-3238, -3238, -3238,  ..., -3238, -3238, -3238],
          [-3238, -3238, -3238,  ..., -3238, -3238, -3238],
          ...,
          [-3238, -3238, -3238,  ..., -3238, -3238, -3238],
          [-3238, -3238, -3238,  ..., -3238, -3238, -3238],
          [-3238, -3238, -3238,  ..., -3238, -3238, -3238]],

         [[ 5699,  5699,  5699,  ...,  5699,  5699,  5699],
          [ 5699,  5699,  5699,  ...,  5699,  5699,  5699],
          [ 5699,  5699,  5699,  ...,  5699,  5699,  5699],
          ...,
          [ 5699,  5699,  5699,  ...,  5699,  5699,  5699],
          [ 5699,  5699,  5699,  ...,  5699,  5699,  5699],
          [ 5699,  5699,  5699,  ...,  5699,  5699,  5699]],

         [[ 1985,  1985,  1985,  ...,  1985,  1985,  1985],
          [ 1985,  1985,  1985,  ...,  1985,  1985,  1985],
          [ 1985,  1985,  1985,  ...,  1985,  1985,  1985],
          ...,
          [ 1985,  1985,  1985,  ...,  1985,  1985,  1985],
          [ 1985,  1985,  1985,  ...,  1985,  1985,  1985],
          [ 1985,  1985,  1985,  ...,  1985,  1985,  1985]],

         ...,

         [[-3699, -3699, -3699,  ..., -3699, -3699, -3699],
          [-3699, -3699, -3699,  ..., -3699, -3699, -3699],
          [-3699, -3699, -3699,  ..., -3699, -3699, -3699],
          ...,
          [-3699, -3699, -3699,  ..., -3699, -3699, -3699],
          [-3699, -3699, -3699,  ..., -3699, -3699, -3699],
          [-3699, -3699, -3699,  ..., -3699, -3699, -3699]],

         [[ 2499,  2499,  2499,  ...,  2499,  2499,  2499],
          [ 2499,  2499,  2499,  ...,  2499,  2499,  2499],
          [ 2499,  2499,  2499,  ...,  2499,  2499,  2499],
          ...,
          [ 2499,  2499,  2499,  ...,  2499,  2499,  2499],
          [ 2499,  2499,  2499,  ...,  2499,  2499,  2499],
          [ 2499,  2499,  2499,  ...,  2499,  2499,  2499]],

         [[-3149, -3149, -3149,  ..., -3149, -3149, -3149],
          [-3149, -3149, -3149,  ..., -3149, -3149, -3149],
          [-3149, -3149, -3149,  ..., -3149, -3149, -3149],
          ...,
          [-3149, -3149, -3149,  ..., -3149, -3149, -3149],
          [-3149, -3149, -3149,  ..., -3149, -3149, -3149],
          [-3149, -3149, -3149,  ..., -3149, -3149, -3149]]]], device='cuda:0')
tensor([[[[-25.2969, -25.2969, -25.2969,  ..., -25.2969, -25.2969, -25.2969],
          [-25.2969, -25.2969, -25.2969,  ..., -25.2969, -25.2969, -25.2969],
          [-25.2969, -25.2969, -25.2969,  ..., -25.2969, -25.2969, -25.2969],
          ...,
          [-25.2969, -25.2969, -25.2969,  ..., -25.2969, -25.2969, -25.2969],
          [-25.2969, -25.2969, -25.2969,  ..., -25.2969, -25.2969, -25.2969],
          [-25.2969, -25.2969, -25.2969,  ..., -25.2969, -25.2969, -25.2969]],

         [[ 44.5234,  44.5234,  44.5234,  ...,  44.5234,  44.5234,  44.5234],
          [ 44.5234,  44.5234,  44.5234,  ...,  44.5234,  44.5234,  44.5234],
          [ 44.5234,  44.5234,  44.5234,  ...,  44.5234,  44.5234,  44.5234],
          ...,
          [ 44.5234,  44.5234,  44.5234,  ...,  44.5234,  44.5234,  44.5234],
          [ 44.5234,  44.5234,  44.5234,  ...,  44.5234,  44.5234,  44.5234],
          [ 44.5234,  44.5234,  44.5234,  ...,  44.5234,  44.5234,  44.5234]],

         [[ 15.5078,  15.5078,  15.5078,  ...,  15.5078,  15.5078,  15.5078],
          [ 15.5078,  15.5078,  15.5078,  ...,  15.5078,  15.5078,  15.5078],
          [ 15.5078,  15.5078,  15.5078,  ...,  15.5078,  15.5078,  15.5078],
          ...,
          [ 15.5078,  15.5078,  15.5078,  ...,  15.5078,  15.5078,  15.5078],
          [ 15.5078,  15.5078,  15.5078,  ...,  15.5078,  15.5078,  15.5078],
          [ 15.5078,  15.5078,  15.5078,  ...,  15.5078,  15.5078,  15.5078]],

         ...,

         [[-28.8984, -28.8984, -28.8984,  ..., -28.8984, -28.8984, -28.8984],
          [-28.8984, -28.8984, -28.8984,  ..., -28.8984, -28.8984, -28.8984],
          [-28.8984, -28.8984, -28.8984,  ..., -28.8984, -28.8984, -28.8984],
          ...,
          [-28.8984, -28.8984, -28.8984,  ..., -28.8984, -28.8984, -28.8984],
          [-28.8984, -28.8984, -28.8984,  ..., -28.8984, -28.8984, -28.8984],
          [-28.8984, -28.8984, -28.8984,  ..., -28.8984, -28.8984, -28.8984]],

         [[ 19.5234,  19.5234,  19.5234,  ...,  19.5234,  19.5234,  19.5234],
          [ 19.5234,  19.5234,  19.5234,  ...,  19.5234,  19.5234,  19.5234],
          [ 19.5234,  19.5234,  19.5234,  ...,  19.5234,  19.5234,  19.5234],
          ...,
          [ 19.5234,  19.5234,  19.5234,  ...,  19.5234,  19.5234,  19.5234],
          [ 19.5234,  19.5234,  19.5234,  ...,  19.5234,  19.5234,  19.5234],
          [ 19.5234,  19.5234,  19.5234,  ...,  19.5234,  19.5234,  19.5234]],

         [[-24.6016, -24.6016, -24.6016,  ..., -24.6016, -24.6016, -24.6016],
          [-24.6016, -24.6016, -24.6016,  ..., -24.6016, -24.6016, -24.6016],
          [-24.6016, -24.6016, -24.6016,  ..., -24.6016, -24.6016, -24.6016],
          ...,
          [-24.6016, -24.6016, -24.6016,  ..., -24.6016, -24.6016, -24.6016],
          [-24.6016, -24.6016, -24.6016,  ..., -24.6016, -24.6016, -24.6016],
          [-24.6016, -24.6016, -24.6016,  ..., -24.6016, -24.6016, -24.6016]]]],
       device='cuda:0', dtype=torch.float64)
=== BatchNorm2dQ forward called ===
conv2d info (float format):
inputs: tensor([[[[-25.2969, -25.2969, -25.2969,  ..., -25.2969, -25.2969, -25.2969],
          [-25.2969, -25.2969, -25.2969,  ..., -25.2969, -25.2969, -25.2969],
          [-25.2969, -25.2969, -25.2969,  ..., -25.2969, -25.2969, -25.2969],
          ...,
          [-25.2969, -25.2969, -25.2969,  ..., -25.2969, -25.2969, -25.2969],
          [-25.2969, -25.2969, -25.2969,  ..., -25.2969, -25.2969, -25.2969],
          [-25.2969, -25.2969, -25.2969,  ..., -25.2969, -25.2969, -25.2969]],

         [[ 44.5234,  44.5234,  44.5234,  ...,  44.5234,  44.5234,  44.5234],
          [ 44.5234,  44.5234,  44.5234,  ...,  44.5234,  44.5234,  44.5234],
          [ 44.5234,  44.5234,  44.5234,  ...,  44.5234,  44.5234,  44.5234],
          ...,
          [ 44.5234,  44.5234,  44.5234,  ...,  44.5234,  44.5234,  44.5234],
          [ 44.5234,  44.5234,  44.5234,  ...,  44.5234,  44.5234,  44.5234],
          [ 44.5234,  44.5234,  44.5234,  ...,  44.5234,  44.5234,  44.5234]],

         [[ 15.5078,  15.5078,  15.5078,  ...,  15.5078,  15.5078,  15.5078],
          [ 15.5078,  15.5078,  15.5078,  ...,  15.5078,  15.5078,  15.5078],
          [ 15.5078,  15.5078,  15.5078,  ...,  15.5078,  15.5078,  15.5078],
          ...,
          [ 15.5078,  15.5078,  15.5078,  ...,  15.5078,  15.5078,  15.5078],
          [ 15.5078,  15.5078,  15.5078,  ...,  15.5078,  15.5078,  15.5078],
          [ 15.5078,  15.5078,  15.5078,  ...,  15.5078,  15.5078,  15.5078]],

         ...,

         [[-28.8984, -28.8984, -28.8984,  ..., -28.8984, -28.8984, -28.8984],
          [-28.8984, -28.8984, -28.8984,  ..., -28.8984, -28.8984, -28.8984],
          [-28.8984, -28.8984, -28.8984,  ..., -28.8984, -28.8984, -28.8984],
          ...,
          [-28.8984, -28.8984, -28.8984,  ..., -28.8984, -28.8984, -28.8984],
          [-28.8984, -28.8984, -28.8984,  ..., -28.8984, -28.8984, -28.8984],
          [-28.8984, -28.8984, -28.8984,  ..., -28.8984, -28.8984, -28.8984]],

         [[ 19.5234,  19.5234,  19.5234,  ...,  19.5234,  19.5234,  19.5234],
          [ 19.5234,  19.5234,  19.5234,  ...,  19.5234,  19.5234,  19.5234],
          [ 19.5234,  19.5234,  19.5234,  ...,  19.5234,  19.5234,  19.5234],
          ...,
          [ 19.5234,  19.5234,  19.5234,  ...,  19.5234,  19.5234,  19.5234],
          [ 19.5234,  19.5234,  19.5234,  ...,  19.5234,  19.5234,  19.5234],
          [ 19.5234,  19.5234,  19.5234,  ...,  19.5234,  19.5234,  19.5234]],

         [[-24.6016, -24.6016, -24.6016,  ..., -24.6016, -24.6016, -24.6016],
          [-24.6016, -24.6016, -24.6016,  ..., -24.6016, -24.6016, -24.6016],
          [-24.6016, -24.6016, -24.6016,  ..., -24.6016, -24.6016, -24.6016],
          ...,
          [-24.6016, -24.6016, -24.6016,  ..., -24.6016, -24.6016, -24.6016],
          [-24.6016, -24.6016, -24.6016,  ..., -24.6016, -24.6016, -24.6016],
          [-24.6016, -24.6016, -24.6016,  ..., -24.6016, -24.6016, -24.6016]]]],
       device='cuda:0', dtype=torch.float64, grad_fn=<Conv2dQBackward>)
running_mean: Parameter containing:
tensor([0., 0., 0.,  ..., 0., 0., 0.], device='cuda:0', dtype=torch.float64,
       requires_grad=True)
running_var: Parameter containing:
tensor([0., 0., 0.,  ..., 0., 0., 0.], device='cuda:0', dtype=torch.float64,
       requires_grad=True)
weight: Parameter containing:
tensor([ 0.0553,  0.2251,  1.2112,  ...,  0.8887, -0.0372, -1.3368],
       device='cuda:0', dtype=torch.float64, requires_grad=True)
bias: Parameter containing:
tensor([ 1.4959, -0.4532, -0.3053,  ...,  0.4241,  0.6372, -1.2247],
       device='cuda:0', dtype=torch.float64, requires_grad=True)
int_tensor tensor([128, 128, 128,  ..., 128, 128, 128], device='cuda:0')
truncated inttensor: tensor([1, 1, 1,  ..., 1, 1, 1], device='cuda:0')
int_tensor tensor([[[[-1, -1, -1,  ..., -1, -1, -1],
          [-1, -1, -1,  ..., -1, -1, -1],
          [-1, -1, -1,  ..., -1, -1, -1],
          ...,
          [-1, -1, -1,  ..., -1, -1, -1],
          [-1, -1, -1,  ..., -1, -1, -1],
          [-1, -1, -1,  ..., -1, -1, -1]],

         [[ 1,  1,  1,  ...,  1,  1,  1],
          [ 1,  1,  1,  ...,  1,  1,  1],
          [ 1,  1,  1,  ...,  1,  1,  1],
          ...,
          [ 1,  1,  1,  ...,  1,  1,  1],
          [ 1,  1,  1,  ...,  1,  1,  1],
          [ 1,  1,  1,  ...,  1,  1,  1]],

         [[ 1,  1,  1,  ...,  1,  1,  1],
          [ 1,  1,  1,  ...,  1,  1,  1],
          [ 1,  1,  1,  ...,  1,  1,  1],
          ...,
          [ 1,  1,  1,  ...,  1,  1,  1],
          [ 1,  1,  1,  ...,  1,  1,  1],
          [ 1,  1,  1,  ...,  1,  1,  1]],

         ...,

         [[-1, -1, -1,  ..., -1, -1, -1],
          [-1, -1, -1,  ..., -1, -1, -1],
          [-1, -1, -1,  ..., -1, -1, -1],
          ...,
          [-1, -1, -1,  ..., -1, -1, -1],
          [-1, -1, -1,  ..., -1, -1, -1],
          [-1, -1, -1,  ..., -1, -1, -1]],

         [[ 0,  0,  0,  ...,  0,  0,  0],
          [ 0,  0,  0,  ...,  0,  0,  0],
          [ 0,  0,  0,  ...,  0,  0,  0],
          ...,
          [ 0,  0,  0,  ...,  0,  0,  0],
          [ 0,  0,  0,  ...,  0,  0,  0],
          [ 0,  0,  0,  ...,  0,  0,  0]],

         [[-1, -1, -1,  ..., -1, -1, -1],
          [-1, -1, -1,  ..., -1, -1, -1],
          [-1, -1, -1,  ..., -1, -1, -1],
          ...,
          [-1, -1, -1,  ..., -1, -1, -1],
          [-1, -1, -1,  ..., -1, -1, -1],
          [-1, -1, -1,  ..., -1, -1, -1]]]], device='cuda:0')
truncated inttensor: tensor([[[[-1, -1, -1,  ..., -1, -1, -1],
          [-1, -1, -1,  ..., -1, -1, -1],
          [-1, -1, -1,  ..., -1, -1, -1],
          ...,
          [-1, -1, -1,  ..., -1, -1, -1],
          [-1, -1, -1,  ..., -1, -1, -1],
          [-1, -1, -1,  ..., -1, -1, -1]],

         [[ 0,  0,  0,  ...,  0,  0,  0],
          [ 0,  0,  0,  ...,  0,  0,  0],
          [ 0,  0,  0,  ...,  0,  0,  0],
          ...,
          [ 0,  0,  0,  ...,  0,  0,  0],
          [ 0,  0,  0,  ...,  0,  0,  0],
          [ 0,  0,  0,  ...,  0,  0,  0]],

         [[ 0,  0,  0,  ...,  0,  0,  0],
          [ 0,  0,  0,  ...,  0,  0,  0],
          [ 0,  0,  0,  ...,  0,  0,  0],
          ...,
          [ 0,  0,  0,  ...,  0,  0,  0],
          [ 0,  0,  0,  ...,  0,  0,  0],
          [ 0,  0,  0,  ...,  0,  0,  0]],

         ...,

         [[-1, -1, -1,  ..., -1, -1, -1],
          [-1, -1, -1,  ..., -1, -1, -1],
          [-1, -1, -1,  ..., -1, -1, -1],
          ...,
          [-1, -1, -1,  ..., -1, -1, -1],
          [-1, -1, -1,  ..., -1, -1, -1],
          [-1, -1, -1,  ..., -1, -1, -1]],

         [[ 0,  0,  0,  ...,  0,  0,  0],
          [ 0,  0,  0,  ...,  0,  0,  0],
          [ 0,  0,  0,  ...,  0,  0,  0],
          ...,
          [ 0,  0,  0,  ...,  0,  0,  0],
          [ 0,  0,  0,  ...,  0,  0,  0],
          [ 0,  0,  0,  ...,  0,  0,  0]],

         [[-1, -1, -1,  ..., -1, -1, -1],
          [-1, -1, -1,  ..., -1, -1, -1],
          [-1, -1, -1,  ..., -1, -1, -1],
          ...,
          [-1, -1, -1,  ..., -1, -1, -1],
          [-1, -1, -1,  ..., -1, -1, -1],
          [-1, -1, -1,  ..., -1, -1, -1]]]], device='cuda:0')
int_tensor tensor([[[[23552, 23552, 23552,  ..., 23552, 23552, 23552],
          [23552, 23552, 23552,  ..., 23552, 23552, 23552],
          [23552, 23552, 23552,  ..., 23552, 23552, 23552],
          ...,
          [23552, 23552, 23552,  ..., 23552, 23552, 23552],
          [23552, 23552, 23552,  ..., 23552, 23552, 23552],
          [23552, 23552, 23552,  ..., 23552, 23552, 23552]],

         [[-7424, -7424, -7424,  ..., -7424, -7424, -7424],
          [-7424, -7424, -7424,  ..., -7424, -7424, -7424],
          [-7424, -7424, -7424,  ..., -7424, -7424, -7424],
          ...,
          [-7424, -7424, -7424,  ..., -7424, -7424, -7424],
          [-7424, -7424, -7424,  ..., -7424, -7424, -7424],
          [-7424, -7424, -7424,  ..., -7424, -7424, -7424]],

         [[-4992, -4992, -4992,  ..., -4992, -4992, -4992],
          [-4992, -4992, -4992,  ..., -4992, -4992, -4992],
          [-4992, -4992, -4992,  ..., -4992, -4992, -4992],
          ...,
          [-4992, -4992, -4992,  ..., -4992, -4992, -4992],
          [-4992, -4992, -4992,  ..., -4992, -4992, -4992],
          [-4992, -4992, -4992,  ..., -4992, -4992, -4992]],

         ...,

         [[-7680, -7680, -7680,  ..., -7680, -7680, -7680],
          [-7680, -7680, -7680,  ..., -7680, -7680, -7680],
          [-7680, -7680, -7680,  ..., -7680, -7680, -7680],
          ...,
          [-7680, -7680, -7680,  ..., -7680, -7680, -7680],
          [-7680, -7680, -7680,  ..., -7680, -7680, -7680],
          [-7680, -7680, -7680,  ..., -7680, -7680, -7680]],

         [[10496, 10496, 10496,  ..., 10496, 10496, 10496],
          [10496, 10496, 10496,  ..., 10496, 10496, 10496],
          [10496, 10496, 10496,  ..., 10496, 10496, 10496],
          ...,
          [10496, 10496, 10496,  ..., 10496, 10496, 10496],
          [10496, 10496, 10496,  ..., 10496, 10496, 10496],
          [10496, 10496, 10496,  ..., 10496, 10496, 10496]],

         [[ 1792,  1792,  1792,  ...,  1792,  1792,  1792],
          [ 1792,  1792,  1792,  ...,  1792,  1792,  1792],
          [ 1792,  1792,  1792,  ...,  1792,  1792,  1792],
          ...,
          [ 1792,  1792,  1792,  ...,  1792,  1792,  1792],
          [ 1792,  1792,  1792,  ...,  1792,  1792,  1792],
          [ 1792,  1792,  1792,  ...,  1792,  1792,  1792]]]], device='cuda:0')
truncated inttensor: tensor([[[[184, 184, 184,  ..., 184, 184, 184],
          [184, 184, 184,  ..., 184, 184, 184],
          [184, 184, 184,  ..., 184, 184, 184],
          ...,
          [184, 184, 184,  ..., 184, 184, 184],
          [184, 184, 184,  ..., 184, 184, 184],
          [184, 184, 184,  ..., 184, 184, 184]],

         [[-58, -58, -58,  ..., -58, -58, -58],
          [-58, -58, -58,  ..., -58, -58, -58],
          [-58, -58, -58,  ..., -58, -58, -58],
          ...,
          [-58, -58, -58,  ..., -58, -58, -58],
          [-58, -58, -58,  ..., -58, -58, -58],
          [-58, -58, -58,  ..., -58, -58, -58]],

         [[-39, -39, -39,  ..., -39, -39, -39],
          [-39, -39, -39,  ..., -39, -39, -39],
          [-39, -39, -39,  ..., -39, -39, -39],
          ...,
          [-39, -39, -39,  ..., -39, -39, -39],
          [-39, -39, -39,  ..., -39, -39, -39],
          [-39, -39, -39,  ..., -39, -39, -39]],

         ...,

         [[-60, -60, -60,  ..., -60, -60, -60],
          [-60, -60, -60,  ..., -60, -60, -60],
          [-60, -60, -60,  ..., -60, -60, -60],
          ...,
          [-60, -60, -60,  ..., -60, -60, -60],
          [-60, -60, -60,  ..., -60, -60, -60],
          [-60, -60, -60,  ..., -60, -60, -60]],

         [[ 82,  82,  82,  ...,  82,  82,  82],
          [ 82,  82,  82,  ...,  82,  82,  82],
          [ 82,  82,  82,  ...,  82,  82,  82],
          ...,
          [ 82,  82,  82,  ...,  82,  82,  82],
          [ 82,  82,  82,  ...,  82,  82,  82],
          [ 82,  82,  82,  ...,  82,  82,  82]],

         [[ 14,  14,  14,  ...,  14,  14,  14],
          [ 14,  14,  14,  ...,  14,  14,  14],
          [ 14,  14,  14,  ...,  14,  14,  14],
          ...,
          [ 14,  14,  14,  ...,  14,  14,  14],
          [ 14,  14,  14,  ...,  14,  14,  14],
          [ 14,  14,  14,  ...,  14,  14,  14]]]], device='cuda:0')
tensor([[[[ 1.4375,  1.4375,  1.4375,  ...,  1.4375,  1.4375,  1.4375],
          [ 1.4375,  1.4375,  1.4375,  ...,  1.4375,  1.4375,  1.4375],
          [ 1.4375,  1.4375,  1.4375,  ...,  1.4375,  1.4375,  1.4375],
          ...,
          [ 1.4375,  1.4375,  1.4375,  ...,  1.4375,  1.4375,  1.4375],
          [ 1.4375,  1.4375,  1.4375,  ...,  1.4375,  1.4375,  1.4375],
          [ 1.4375,  1.4375,  1.4375,  ...,  1.4375,  1.4375,  1.4375]],

         [[-0.4531, -0.4531, -0.4531,  ..., -0.4531, -0.4531, -0.4531],
          [-0.4531, -0.4531, -0.4531,  ..., -0.4531, -0.4531, -0.4531],
          [-0.4531, -0.4531, -0.4531,  ..., -0.4531, -0.4531, -0.4531],
          ...,
          [-0.4531, -0.4531, -0.4531,  ..., -0.4531, -0.4531, -0.4531],
          [-0.4531, -0.4531, -0.4531,  ..., -0.4531, -0.4531, -0.4531],
          [-0.4531, -0.4531, -0.4531,  ..., -0.4531, -0.4531, -0.4531]],

         [[-0.3047, -0.3047, -0.3047,  ..., -0.3047, -0.3047, -0.3047],
          [-0.3047, -0.3047, -0.3047,  ..., -0.3047, -0.3047, -0.3047],
          [-0.3047, -0.3047, -0.3047,  ..., -0.3047, -0.3047, -0.3047],
          ...,
          [-0.3047, -0.3047, -0.3047,  ..., -0.3047, -0.3047, -0.3047],
          [-0.3047, -0.3047, -0.3047,  ..., -0.3047, -0.3047, -0.3047],
          [-0.3047, -0.3047, -0.3047,  ..., -0.3047, -0.3047, -0.3047]],

         ...,

         [[-0.4688, -0.4688, -0.4688,  ..., -0.4688, -0.4688, -0.4688],
          [-0.4688, -0.4688, -0.4688,  ..., -0.4688, -0.4688, -0.4688],
          [-0.4688, -0.4688, -0.4688,  ..., -0.4688, -0.4688, -0.4688],
          ...,
          [-0.4688, -0.4688, -0.4688,  ..., -0.4688, -0.4688, -0.4688],
          [-0.4688, -0.4688, -0.4688,  ..., -0.4688, -0.4688, -0.4688],
          [-0.4688, -0.4688, -0.4688,  ..., -0.4688, -0.4688, -0.4688]],

         [[ 0.6406,  0.6406,  0.6406,  ...,  0.6406,  0.6406,  0.6406],
          [ 0.6406,  0.6406,  0.6406,  ...,  0.6406,  0.6406,  0.6406],
          [ 0.6406,  0.6406,  0.6406,  ...,  0.6406,  0.6406,  0.6406],
          ...,
          [ 0.6406,  0.6406,  0.6406,  ...,  0.6406,  0.6406,  0.6406],
          [ 0.6406,  0.6406,  0.6406,  ...,  0.6406,  0.6406,  0.6406],
          [ 0.6406,  0.6406,  0.6406,  ...,  0.6406,  0.6406,  0.6406]],

         [[ 0.1094,  0.1094,  0.1094,  ...,  0.1094,  0.1094,  0.1094],
          [ 0.1094,  0.1094,  0.1094,  ...,  0.1094,  0.1094,  0.1094],
          [ 0.1094,  0.1094,  0.1094,  ...,  0.1094,  0.1094,  0.1094],
          ...,
          [ 0.1094,  0.1094,  0.1094,  ...,  0.1094,  0.1094,  0.1094],
          [ 0.1094,  0.1094,  0.1094,  ...,  0.1094,  0.1094,  0.1094],
          [ 0.1094,  0.1094,  0.1094,  ...,  0.1094,  0.1094,  0.1094]]]],
       device='cuda:0', dtype=torch.float64)
=== LinearQ forward called ===
linear info (fixed-float format):
inputs: tensor([[184., 184., 184.,  ...,  14.,  14.,  14.]], device='cuda:0',
       dtype=torch.float64)
weights: tensor([[-123., -294.,  -20.,  ..., -169.,   38., -165.],
        [  89.,  -24., -293.,  ...,   61.,  104.,  113.],
        [ -87., -307., -112.,  ..., -129., -169.,   44.],
        ...,
        [ -20.,  117.,  -32.,  ..., -166., -226., -142.],
        [-150.,  -13.,  -65.,  ...,  185., -163.,  -45.],
        [ -87.,  165., -189.,  ...,   30., -227., -340.]], device='cuda:0',
       dtype=torch.float64)
bias: tensor([  44., -102., -124.,  ...,  173.,   -3.,  -15.], device='cuda:0',
       dtype=torch.float64)
int_tensor tensor([[  233204,  3413497,  4685713,  ...,   658728, -4729442,   -59672]],
       device='cuda:0')
truncated inttensor: tensor([[  1821,  26667,  36607,  ...,   5146, -36949,   -467]],
       device='cuda:0')
tensor([[  14.2266,  208.3359,  285.9922,  ...,   40.2031, -288.6641,
           -3.6484]], device='cuda:0', dtype=torch.float64)
=== LinearQ forward called ===
linear info (fixed-float format):
inputs: tensor([[ 1821., 26667., 36607.,  ...,  5146.,     0.,     0.]],
       device='cuda:0', dtype=torch.float64)
weights: tensor([[ -80.,  -16.,   15.,  ...,  -83.,  -16.,   31.],
        [ 186.,  102., -355.,  ...,   48.,  -66.,   -5.],
        [ -17.,   -3.,   -8.,  ...,  221.,   45.,   22.],
        ...,
        [ -29.,  -47., -169.,  ...,   40.,  -72., -111.],
        [ -18., -221.,  -57.,  ...,  -67.,   59.,   -2.],
        [  73., -222.,   24.,  ...,  -46.,   -5., -144.]], device='cuda:0',
       dtype=torch.float64)
bias: tensor([  86.,  -82.,  -60.,  ..., -284.,   13.,   79.], device='cuda:0',
       dtype=torch.float64)
int_tensor tensor([[-65107648,  -8126601, 178062895,  ...,  75025336, 140829255,
          60703305]], device='cuda:0')
truncated inttensor: tensor([[-508654,  -63490, 1391116,  ...,  586135, 1100228,  474244]],
       device='cuda:0')
tensor([[-3973.8594,  -496.0156, 10868.0938,  ...,  4579.1797,  8595.5312,
          3705.0312]], device='cuda:0', dtype=torch.float64)
=== LinearQ forward called ===
linear info (fixed-float format):
inputs: tensor([[      0.,       0., 1391116.,  ...,  586135., 1100228.,  474244.]],
       device='cuda:0', dtype=torch.float64)
weights: tensor([[ -81.,  -26.,  120.,  ...,  -16.,    9., -182.],
        [  92.,  -54.,   43.,  ..., -126.,  -97.,  -10.],
        [ 207.,  181.,  -43.,  ...,   -8.,  -53., -143.],
        ...,
        [ -96.,   18., -224.,  ..., -109., -114.,  -56.],
        [-136.,  180.,  -40.,  ..., -132., -170.,  244.],
        [ 169.,   -3.,  126.,  ...,  -46., -180.,  320.]], device='cuda:0',
       dtype=torch.float64)
bias: tensor([-251.,  -85.,  281.,  -27.,    9., -160.,  133.,   92.,  198.,  -19.,
         -60., -156., -103.,   19.,   98.,   40.,   56.,  132.,  294.,    2.,
          19.,   70., -122.,  209.,   19.,  -68.,  -52.,   91.,   47., -116.,
         -60., -125., -134.,   55.,   11.,  227., -141., -124.,   83., -191.,
         -17.,  -63.,   43.,  135.,  118.,   54.,   92.,    1.,  125.,   88.,
          48., -252.,  204.,   51., -150.,  -16.,  -24., -125.,  -85., -171.,
          74.,  -82.,   36.,  -88.,    8.,   69.,  167.,  -45., -132.,  -99.,
          43.,   -6.,  -32.,   22.,   75., -129.,   -1., -187., -291.,   62.,
          69.,   91.,  206.,  -21.,   18.,  -39., -174., -127.,  -54., -149.,
        -254.,  -57., -249.,  -14.,  119.,   91.,  136.,  227., -224., -202.],
       device='cuda:0', dtype=torch.float64)
int_tensor tensor([[ 3801509629, -2032201065, -1895084990, -2889714690, -3649984863,
         -4570249826,  -436939302,  4017388135, -3462462689,  2388177470,
         -5682026969,  2017001760, -1270478380,  1367711412,   711557502,
          -727116797,   593846331,  3521908857, -1537261108,  3826443557,
          5102573009,   437352678,   -58870629, -3931889567,  5695031970,
         -5055718234, -3209737091, -1421789764,   -36006851,  1601435491,
         -1582502506,  -936239044,   262681730, -2951762732,  1975044028,
              785788,  -202466975,  1981170585,    22273138,   414033954,
          3110313650,  -441483377,  6282782233,  1744729273, -2440439086,
          2062066890,  4168557751,  -370790210,  -863782759, -3788318626,
         -1557030231,  5846320913,  1972987923, -3232329522,  -622631978,
          1875177708, -4747449137, -1406430519,  1651780354,  2111658472,
         -2775237782, -5589394823, -4036761832, -2239083558,   -71381065,
         -1460324724,  1304888218, -2349018349,   616251939, -5138450424,
          -248809951,  -998398507,   861124918, -3942026270,  2316232318,
           857573890, -4685894596,  1295454003,  4254297088, -1938842300,
          3607362421, -1051890868, -2043680657, -3472437958, -1401688831,
          1233024006, -3520775399,  4912783732,  2741038744, -3185816300,
         -2035157312,  4154585773,  -982816510, -1732065511,   363311462,
          3355373326,  3252630979,  6011768324, -2145329214, -1787317379]],
       device='cuda:0')
truncated inttensor: tensor([[ 29699293, -15876571, -14805352, -22575897, -28515507, -35705077,
          -3413589,  31385844, -27050490,  18657636, -44390836,  15757826,
          -9925613,  10685245,   5559042,  -5680600,   4639424,  27514912,
         -12009853,  29894090,  39863851,   3416817,   -459927, -30717888,
          44492437, -39497799, -25076072, -11107733,   -281304,  12511214,
         -12363301,  -7314368,   2052201, -23060647,  15430031,      6138,
          -1581774,  15477895,    174008,   3234640,  24299325,  -3449089,
          49084236,  13630697, -19065931,  16109897,  32566857,  -2896799,
          -6748303, -29596240, -12164299,  45674382,  15413968, -25252575,
          -4864313,  14649825, -37089447, -10987739,  12904534,  16497331,
         -21681546, -43667148, -31537202, -17492841,   -557665, -11408787,
          10194439, -18351706,   4814468, -40144144,  -1943828,  -7799989,
           6727538, -30797081,  18095564,   6699796, -36608552,  10120734,
          33236696, -15147206,  28182518,  -8217898, -15966256, -27128422,
         -10950694,   9633000, -27506058,  38381122,  21414365, -24889190,
         -15899667,  32457701,  -7678254, -13531762,   2838370,  26213854,
          25411179,  46966940, -16760385, -13963418]], device='cuda:0')
tensor([[ 2.3203e+05, -1.2404e+05, -1.1567e+05, -1.7637e+05, -2.2278e+05,
         -2.7895e+05, -2.6669e+04,  2.4520e+05, -2.1133e+05,  1.4576e+05,
         -3.4680e+05,  1.2311e+05, -7.7544e+04,  8.3478e+04,  4.3430e+04,
         -4.4380e+04,  3.6246e+04,  2.1496e+05, -9.3827e+04,  2.3355e+05,
          3.1144e+05,  2.6694e+04, -3.5932e+03, -2.3998e+05,  3.4760e+05,
         -3.0858e+05, -1.9591e+05, -8.6779e+04, -2.1977e+03,  9.7744e+04,
         -9.6588e+04, -5.7144e+04,  1.6033e+04, -1.8016e+05,  1.2055e+05,
          4.7953e+01, -1.2358e+04,  1.2092e+05,  1.3594e+03,  2.5271e+04,
          1.8984e+05, -2.6946e+04,  3.8347e+05,  1.0649e+05, -1.4895e+05,
          1.2586e+05,  2.5443e+05, -2.2631e+04, -5.2721e+04, -2.3122e+05,
         -9.5034e+04,  3.5683e+05,  1.2042e+05, -1.9729e+05, -3.8002e+04,
          1.1445e+05, -2.8976e+05, -8.5842e+04,  1.0082e+05,  1.2889e+05,
         -1.6939e+05, -3.4115e+05, -2.4638e+05, -1.3666e+05, -4.3568e+03,
         -8.9131e+04,  7.9644e+04, -1.4337e+05,  3.7613e+04, -3.1363e+05,
         -1.5186e+04, -6.0937e+04,  5.2559e+04, -2.4060e+05,  1.4137e+05,
          5.2342e+04, -2.8600e+05,  7.9068e+04,  2.5966e+05, -1.1834e+05,
          2.2018e+05, -6.4202e+04, -1.2474e+05, -2.1194e+05, -8.5552e+04,
          7.5258e+04, -2.1489e+05,  2.9985e+05,  1.6730e+05, -1.9445e+05,
         -1.2422e+05,  2.5358e+05, -5.9986e+04, -1.0572e+05,  2.2175e+04,
          2.0480e+05,  1.9852e+05,  3.6693e+05, -1.3094e+05, -1.0909e+05]],
       device='cuda:0', dtype=torch.float64)
Total time taken: 0.44911837577819824 seconds.
tensor([[ 2.3203e+05, -1.2404e+05, -1.1567e+05, -1.7637e+05, -2.2278e+05,
         -2.7895e+05, -2.6669e+04,  2.4520e+05, -2.1133e+05,  1.4576e+05,
         -3.4680e+05,  1.2311e+05, -7.7544e+04,  8.3478e+04,  4.3430e+04,
         -4.4380e+04,  3.6246e+04,  2.1496e+05, -9.3827e+04,  2.3355e+05,
          3.1144e+05,  2.6694e+04, -3.5932e+03, -2.3998e+05,  3.4760e+05,
         -3.0858e+05, -1.9591e+05, -8.6779e+04, -2.1977e+03,  9.7744e+04,
         -9.6588e+04, -5.7144e+04,  1.6033e+04, -1.8016e+05,  1.2055e+05,
          4.7953e+01, -1.2358e+04,  1.2092e+05,  1.3594e+03,  2.5271e+04,
          1.8984e+05, -2.6946e+04,  3.8347e+05,  1.0649e+05, -1.4895e+05,
          1.2586e+05,  2.5443e+05, -2.2631e+04, -5.2721e+04, -2.3122e+05,
         -9.5034e+04,  3.5683e+05,  1.2042e+05, -1.9729e+05, -3.8002e+04,
          1.1445e+05, -2.8976e+05, -8.5842e+04,  1.0082e+05,  1.2889e+05,
         -1.6939e+05, -3.4115e+05, -2.4638e+05, -1.3666e+05, -4.3568e+03,
         -8.9131e+04,  7.9644e+04, -1.4337e+05,  3.7613e+04, -3.1363e+05,
         -1.5186e+04, -6.0937e+04,  5.2559e+04, -2.4060e+05,  1.4137e+05,
          5.2342e+04, -2.8600e+05,  7.9068e+04,  2.5966e+05, -1.1834e+05,
          2.2018e+05, -6.4202e+04, -1.2474e+05, -2.1194e+05, -8.5552e+04,
          7.5258e+04, -2.1489e+05,  2.9985e+05,  1.6730e+05, -1.9445e+05,
         -1.2422e+05,  2.5358e+05, -5.9986e+04, -1.0572e+05,  2.2175e+04,
          2.0480e+05,  1.9852e+05,  3.6693e+05, -1.3094e+05, -1.0909e+05]],
       device='cuda:0', dtype=torch.float64, grad_fn=<LinearQBackward>)
